会社名,資本金,売上高,代表者,ホームページ,メールアドレス,連絡先
情報通信コンサルティング株式会社,1000万円,3億9349万円（2016年5月実績）,"代表取締役　小山 恭之",http://www.doctorqube.com,info@ns1.doctorqube.com,"情報通信コンサルティング株式会社〒532-0011 大阪市淀川区西中島4-3-5 NLCセントラルビル11階大阪本社採用係宛TEL：06-6838-5288　FAX：06-6838-5287E-mail：info@ns1.doctorqube.com●URL http://www.doctorqube.com"
株式会社　Ｃ＆Ｇシステムズ,5億円（2017年1月現在）,44億4500万円（2016年12月期連結）,代表取締役会長　　山口　修司代表取締役社長　　塩田　聖一,http://www.cgsys.co.jp,saiyo@cgsys.co.jp,"株式会社C&Gシステムズ　（C&G SYSTEMS INC.)人事採用担当　　E−mail：saiyo@cgsys.co.jp(東京本社)〒140-0002 東京都品川区東品川2-2-24 天王洲セントラルタワー19Ftel：03-6864-0777(北九州本社)〒 806-0067　北九州市八幡西区引野1丁目5番15号TEL：093-642-4541ホームページ：http://www.cgsys.co.jp/jp/index.html"
株式会社夢テクノロジー,12億6707万円　（2017年9月度）,7385百万円（2017年9月度）,代表取締役社長　本山佐一郎,http://www.yume-tec.co.jp,shinsotsu@ml.yume-tec.co.jp,株式会社夢テクノロジー〒141-0032　東京都品川区大崎1-6-4　新大崎勧業ビル4FTEL：0120-008-290URL：http://www.yume-tec.co.jp▼お問い合わせはE-mailでも受け付けています。E-Mail：shinsotsu@ml.yume-tec.co.jp
株式会社コンピューターエンゼルス,1000万円,1億5千万円（2016年度実績）,代表取締役社長　北川昭夫,http://www.com,,"株式会社コンピューターエンゼルス　開発本部採用担当　北川靖啓〒600-8093京都府京都市下京区高倉通綾小路下ル竹屋町393-7TEL: 075-343-3123MAIL: y_kitagawa@comangel.co.jp 　　　　info@comangel.co.jpHP URL: http://www.comangel.co.jp/"
シグマトロン株式会社,6500万円,39.1億円（2015年3月期）,代表取締役社長　高山　允伯,http://www.sigmatron.co.jp,sgt_sinsotsu@sigmatron.co.jp,"東京都中央区日本橋本町4-8-14　東京建物第3室町ビル 人事部　新卒採用担当/三輪、倉田、萩原 TEL　03-3243-5211 E-mail:sgt_sinsotsu@sigmatron.co.jp URL　http://www.sigmatron.co.jp/ 交通　JR総武快速線「新日本橋」駅下車 徒歩1分（8番出口直結） 　　　　東京メトロ銀座線「三越前」駅 徒歩4分(地下通路にて新日本橋駅8番出口直結) 　　　　東京メトロ半蔵門線「三越前」駅 徒歩10分(地下通路にて新日本橋駅8番出口直結) 　　　　東京メトロ日比谷線「小伝馬町」駅 徒歩4分 　　　　JR線「神田」駅 徒歩8分"
ヒワサキコンピュータシステム株式会社,１，０００万円,３億０，９３９万円（２０１６年度）,日和崎三郎,,,"総務部人事担当　西森、安岡〒780−0841 高知市帯屋町2丁目2番1号ＴＥＬ(088)822−2555"
株式会社第一コンピュータリソース,２億７９００万円,５９億４，０００万円（平成２８年３月）,代表取締役社長：池谷正宏,https://www.dcr.co.jp,jinji@dcr.co.jp,"株式会社 第一コンピュータリソース 　人事部〒460-0003　名古屋市中区錦1丁目16番20号 グリーンビル8階TEL (052)204-1411E-mail　jinji@dcr.co.jpホームページ　：　https://www.dcr.co.jp/お問い合わせ　：　人事部人事課　柴田・三阪・久野"
クイックソフト株式会社,３，０００万円,４億８，５７７万円（２０１６年度）,日和崎　三郎,http://www.quiqsoft.co.jp,,総務部人事担当　西森、安岡〒780-0841　高知市帯屋町２丁目２番１番TEL(０８８）８２２−２５５５URL：http://www.quiqsoft.co.jp/
アクティス・ジャパン株式会社,9500万円,14億5400万円（2017年3月実績）,代表取締役　菅井　泰伸,http://www.acts-group.co.jp,saiyo18@acts-group.co.jp,"■アクティス・ジャパン株式会社　総務・人事部〒460-0007名古屋市中区新栄1-7-7ＲＴセンターステージビル2F採用チーム：神田、森TEL：052-241-4477Mail：saiyo18@acts-group.co.jp http://www.acts-group.co.jp/recruit/"
NCシステムソリューションズ株式会社,1億円,■6億6000万円/2016年3月期,,,ncsaiyo@nc-hd.jp,"NCグループ採用センター【メール】ncsaiyo@nc-hd.jp【住所】〒101-0044 東京都千代田区鍛冶町1-7-7 ヒルトップ神田ビル5F【交通】JR山手線「神田」駅より徒歩1分【TEL】03-6859-3711/受付時間9:00〜17:45"
エヌ・ティ・ティ・システム技研株式会社,5000万円,11億円(2016年3月期),代表取締役　高山　允伯,http://www.ntt-ipnet.co.jp/g/,recruit@ntt-ipnet.co.jp,"〒171-0031　東京都豊島区目白2-16-20　TCS-HD南池袋ビル　 TEL 03-5954-5611（代表）FAX　03-5950-0711URL http://www.ntt-ipnet.co.jp/g/ E-mail　recruit@ntt-ipnet.co.jp"
株式会社オーネスト,6000万円,23億5000万円(平成28年度実績),"代表取締役社長　齋藤 英俊",http://www.honest2000.co.jp,saiyou@honest2000.co.jp,"〒113-0033東京都文京区本郷4-37-17本郷トーセイビル4F　都営大江戸線 本郷三丁目駅　徒歩2分　東京メトロ丸ノ内線 本郷三丁目駅　徒歩3分TEL:03(3830)0909　(担当/横尾・小川・永井)【U R L】http://www.honest2000.co.jp【E-mail】saiyou☆honest2000.co.jp　　　　　 ☆の部分を半角の@に変更してから送信してください。受付時間:10:00〜17:30(土日・祝祭日を除く)＊＊＊＊＊＊＊＊＊＊＊＊＊＊＊＊＊＊＊＊＊＊＊＊＊＊＊＊＊＊＊＊採用活動における個人情報の取り扱いについて株式会社 オーネスト（以下「当社」）は、個人情報保護ポリシーのとおり個人情報保護方針を定め、個人情報を厳重に管理し、以下のように取り扱います。■個人情報の利用目的当社は、お預かりした個人情報を下記の目的でのみ利用致します。・当社の採用選考を行うため・ご応募いただいた方へ採用に関する情報提供を行うため ・採用された場合の人事管理を行うため■個人情報の管理当該年度の採用活動が終了した後、適切な方法により廃棄または削除いたします。尚、返却を希望される方は、お手数ですが下記「個人情報に関するお問い合せ窓口」までお申し出下さい。■個人情報保護ポリシーhttp://www.honest2000.co.jp/privacy.html■個人情報に関するお問い合せ窓口当社の採用活動における個人情報の取扱に関するお問い合せは下記までご連絡ください。株式会社 オーネスト〒113-0033　東京都文京区本郷4-37-17本郷トーセイビル4FTEL:03(3830)0909 FAX:03(3830)0899Mail:saiyou☆honest2000.co.jp　　　☆の部分を半角の@に変更してから送信してください。＊＊＊＊＊＊＊＊＊＊＊＊＊＊＊＊＊＊＊＊＊＊＊＊＊＊＊＊＊＊＊＊"
ユニシステム株式会社,1億7000万円,"37億円（2017年3月期実績） 37億円（2016年3月期実績） 38億円（2015年3月期実績）",代表取締役社長　蓑口　弘典,http://www.unisystem.co.jp,usc_saiyo@unisystem.co.jp,"ユニシステム株式会社(USC) 〒171-0031　 　東京都豊島区目白2-16-20　TCS-HD南池袋ビル 　担　当 : 人事総務部　原、古谷 　T E L : 03-3988-6111 　E-mail : usc_saiyo@unisystem.co.jp  U R L : http://www.unisystem.co.jp "
株式会社アイティフォー,11億2400万円,,代表取締役社長　東川清,http://www.itfor.co.jp,jinjibu@itfor.co.jp,"株式会社アイティフォー　人事部　採用チーム〒102-0082東京都千代田区一番町２１番地(一番町東急ビル)TEL:03-5275-7927E-mail： jinjibu@itfor.co.jpアイティフォーHP： http://www.itfor.co.jp/アイティフォー採用HP：http://www.itfor.co.jp/recruit交通機関東京メトロ半蔵門線「半蔵門駅」5番出口　徒歩1分東京メトロ有楽町線「麹町駅」3番出口　徒歩7分"
株式会社とめ研究所,2500万円,10億1000万円　（2017年3月期）,"代表取締役　福留 五郎",http://www.tome.jp,saiyou@tome.jp,"とめ研究所〒600-8813京都市下京区中堂寺南町134　京都高度技術研究所内7FTEL／075-315-0074 担当／管理企画部 人事グループ 吉田・酒井e-mail: saiyou@tome.jp採用情報URL: http://www.tome.jp/recruit/new_grad_d.html採用担当者（吉田）も博士課程の在籍経験を有しています。ご質問などはメールにてお気軽にどうぞ。"
アンドール株式会社,5億188万円,25億4600万円（2017年3月連結実績）,"代表取締役社長　栗原 高明",,e-mailrecruit@andor.co.jp,"■採用担当共通メールアドレス　 e-mail : recruit@andor.co.jp■東京地区 (宇都宮支店含む）　本社人事部　採用担当　TEL:03-3419-3011　FAX:03-3421-8611　東京都世田谷区池尻3-1-3 MUTOH池尻ビル■神奈川地区 (新横浜支店・横浜支店・厚木支店含む) 　新横浜支店管理部　採用担当　TEL:045-470-5311　FAX:045-470-3845 神奈川県横浜市港北区新横浜2-14-9　豊栄新横浜ビル ■名古屋地区　名古屋支店管理部　採用担当　TEL:052-588-3911 FAX:052-581-2801　愛知県名古屋市中村区名駅南1-18-15　ネオ笹島 ■大阪地区 (神戸支店、滋賀支店含む)　大阪支店管理部　採用担当　TEL:06-6135-8911 FAX:06-4801-9411　大阪市北区東天満2-10-14 TCS-HD南森町ビル"
オートモーティブソリューションズ株式会社,5000万円,非公開,代表取締役社長　高山允伯,,,"【新横浜支店】神奈川県横浜市港北区新横浜2-14-9　豊栄新横浜ビル採用センター　　TEL 045-476-2011 　担当：前代（マエシロ）・平井【大阪支店】大阪府大阪市北区東天満2-10-14　TCS-HD南森町ビル採用センターTEL 06-4800-7011 　担当：鈴木　"
アプライアンス＆デジタルソリューション株式会社,5000万円,17億1100万円（2016年度）,"代表取締役社長　香西 卓",,osaka-saiyo@ad-sol.co.jp,"※ご不明点、ご要望等ございましたら、お気軽にお問合せください！ ・・・・・・・・・・・・・・・・・・・・・・・・・・・・・・・・・・・・・・・・・・・・ 【大阪本社／京都支店】 大阪市北区天神橋2-北1-30　HTS天神橋ビル TEL：06-4801-9311 E-mail：osaka-saiyo@ad-sol.co.jp 担当：羽田野 【草津本社／神戸支店】 滋賀県草津市若竹町1-40　OHビル草津 TEL：077-565-3311 E-mail：kusatsu-saiyo@ad-sol.co.jp 担当：眞野（まの） 【首都圏開発センター：東京／立川／新横浜／厚木】 東京都世田谷区池尻3-1-3　MUTOH池尻ビル TEL：03-5433-4911 E-mail：syutoken-saiyo@ad-sol.co.jp 担当：福島、米長 【太田支店】 群馬県太田市飯田町924-2　大沢建設第7ビル TEL：0276-45-2911 E-mail：syutoken-saiyo@ad-sol.co.jp 担当：木村 ・・・・・・・・・・・・・・・・・・・・・・・・・・・・・・・・・・・・・・・・・・・・"
東京コンピュータサービス株式会社,1億円,283億円(2017年3月期実績)277億円(2016年3月期実績)258億円(2015年3月期実績),代表取締役社長　高山允伯,http://www.tcs-ipnet.co.jp,tcs-sinsotu@tcs-ipnet.co.jp,＜本社＞〒103-0023　東京都中央区日本橋本町4-8-14　東京建物第3室町ビル◆TEL　03-3243-5301　担当/採用センター（伊藤・山本）◆E-mail　tcs-sinsotu@tcs-ipnet.co.jp◆URL　http://www.tcs-ipnet.co.jp/★モバイルからのエントリーもお待ちしています。
株式会社Minoriソリューションズ,7億5000万円,"安定成長を続けており、より上を目指して 邁進しています！ 2012年3月期実績　132億円2013年3月期実績　136億円2014年3月期実績 133億円2015年3月期実績 139億円2016年3月期実績 147億円",代表取締役社長　森下　祐治,,e-freshman@minori-sol.jp,"■東京・仙台・松本TEL: 03-3345-0601E-mail:e-freshman@minori-sol.jp■大阪・名古屋・福岡TEL: 06-4705-3901E-mail: w-freshman@minori-sol.jp■本社所在地〒163-0817東京都新宿区西新宿2-4-1　新宿NSビル17F"
ジャパニアス株式会社,2000万円,"38億7000万円（2016年11月期 実績）",代表取締役　西川三郎,http://jna.co.jp,entry@jna.co.jp,"ジャパニアス株式会社〒220-8118 神奈川県横浜市西区みなとみらい2-2-1 横浜ランドマークタワー18F　 人事総務部　人事課　須賀・三浦TEL：045-670-7242MAIL：entry@jna.co.jp"
株式会社シルクロード,2050万円,,代表取締役　天羽　英二,,,"株式会社シルクロード〒541-0041大阪市中央区北浜４丁目８番４号住友ビル４号館 ３Ｆ06-6210-5285／採用担当recruit@silk-road.co.jp"
株式会社ソフネット,2000万円,9億5200万円（平成29年度）,"代表取締役会長　田中 勝彦代表取締役社長　吉住 浩介",http://www.sofnet-pro.co.jp,,"株式会社ソフネット〒812-0054　福岡市東区馬出1丁目13番8号 ソフネット県庁口ビル【電話番号】092-643-7277【採用担当】篠原【ホームページ】http://www.sofnet-pro.co.jp/"
コムシス株式会社,1億円,48億円（2017年3月決算）,代表取締役社長　香西　卓（こうざい　たかし）,http://www.comsis.co.jp/,,"-------------------------------------------------コムシス株式会社　採用センター　担当者：東京採用センター 鈴木・木川所在地：東京都世田谷区池尻3-1-3 MUTOH池尻ビル4FTEL:03-5433-3031 FAX:03-5433-3731E-mail：honsha-jinji@comsis.co.jp--------------------------------------------------"
北港情報サービス株式会社,4800万円（グループ：1億1000万円）,"【決算期】　【 売 上 高 】2015年度　14億2029万円（グループ：160億6088万円）2014年度　13億8364万円（グループ：132億3400万円）2013年度　13億 900万円",代表取締役　古谷裕子,,,"【 大 阪 】〒564-0051 大阪府吹田市豊津町8-7　　　　　　宝ビル6階　　　　　採用担当／白井　　　　　TEL：06-6386-7222【 東 京 】〒100-0011 東京都千代田区内幸町1-1-7　　　　　　NBF日比谷ビル5階　　　　　採用担当／河邉　　　　　TEL：03-3506-7111【名古屋】〒451-0045 愛知県名古屋市西区名駅3-9-37　　　　　　合人社名駅3ビル5階　　　　　採用担当／新堂　　　　　TEL：052-587-3337"
ジェクスシステムソリューションズ株式会社,3000万円,1126億300万円（2017年3月実績　グループ計）,"代表取締役社長　高山 允伯※高山の高は「はしご高」",,,"ジェクスシステムソリューションズ株式会社〒103-0023　東京都中央区日本橋本町4-8-14　東京建物第3室町ビル8階TEL： 03-3548-3711受付： 採用担当（9時〜18時／月〜金）※ご不明な点は、ご遠慮なくお問い合わせください"
株式会社スーパーソフトウエア,9000万円,11.7億円(2017年4月実績),代表取締役社長　　船木　雅文,http://www.supersoftware.co.jp,,"株式会社スーパーソフトウエア　管理部・採用担当〒530-0005　大阪市北区中之島2丁目3番18号 中之島フェスティバルタワーTEL 06-4707-6001　FAX 06-4707-6005【本社サイト】 http://www.supersoftware.co.jp/【東京サイト】 http://tokyo.supersoftware.co.jp/"
アル・システム株式会社,2000万円,2億3000万円,取締役　　野垣　幸夫★代表はこんな人！★開発・設計・ITインフラ等々、何でも卒なくこなすスーパーエンジニアです。「ユーザーがシステムに期待する、あらゆる想いに応える」企業を目指し日々精進しています。★代表からのメッセージ★人としても成長しながら、一緒に会社の成長も担う人材を募集します！（文理ともに歓迎！）,,,"〒651-0071　兵庫県神戸市中央区筒井町３−１−１０ 寿ビル３Ｆ 担当 ： 人事部　山下 TEL:078-222-6669　FAX:078-222-6668"
インターネットウェア株式会社,8000万円,43億円(2016年3月),"代表取締役社長　高山 正大",http://www.inw.jp,saiyo@inw.jp,"〒103-0023東京都中央区日本橋本町4-8-14　東京建物第3室町ビル　人事総務本部・人事部　採用担当TEL　 03-3243-5411（受付時間：平日 9:00 〜 17:45）FAX　 03-3243-1170E-Mail　saiyo@inw.jpURL　　 http://www.inw.jp/≪当社へのアクセス≫　◎ＪＲ総武快速線『新日本橋駅』下車　徒歩1分（８番出口直結）　◎東京メトロ銀座線『三越前駅』下車　徒歩5分　　（地下からＪＲ改札方面へ向かい、８番出口を出てください）　◎ＪＲ各線・東京メトロ銀座線『神田駅』下車　徒歩10分（東口が便利です）　◎東京メトロ日比谷線『小伝馬町駅』下車　徒歩5分"
日本システムデザイン株式会社,1000万円,1.5億円,代表取締役　藤澤　信二,,,"日本システムデザイン株式会社 〒540-0039　大阪市中央区東高麗橋1-12　北浜センタービル TEL:06-6941-1341/担当：渡邉watanabe@nsdn.co.jp"
株式会社　昭和システムエンジニアリング,6億3050万円,61億4275万円（2017年3月期）,代表取締役社長　尾崎裕一,http://www.showa-sys-eng.co.jp,saiyo1@showa-sys-eng.co.jp,"■本社〒103-0001東京都中央区日本橋小伝馬町１番５号　ＰＭＯ日本橋江戸通９FTEL:03-3639-9052　担当／田中・安田URL　　 http://www.showa-sys-eng.co.jp/E-mail　saiyo1@showa-sys-eng.co.jp■本社へのアクセス　東京メトロ日比谷線」小伝馬町駅」徒歩1分JR総武快速線「新日本橋駅」徒歩5分都営新宿線「馬喰横山駅」徒歩8分都営浅草線「人形町駅」徒歩8分"
"株式会社 オーアイエス コム",1000万円,14億1300万円（2015年12月実績）,"代表取締役社長 　 岡本祥司",http://www.ois21.co.jp,,"■〒550-0012■大阪市西区立売掘3-1-1　大阪トヨペットビル ■TEL 06（6532）8800 ■FAX 06（6536）5588■採用担当／業務推進部　森松　奥井■URL http://www.ois21.co.jp/"
株式会社パナＲ＆Ｄ,3.1億円（払込）,14億７千万（2016年実績）,代表取締役社長　須貝　昌志,,,"〒150-0011　東京都渋谷区東2-23-3 タゴシンビル6FTEL：03-5467-5611　 FAX：03-5467-5644フリーダイヤル：0120-166-855"
株式会社アクト,1億円,アクト単体　26億円グループ全体　40.5億円（2017年3月期）,"代表取締役　亀井 宏",,info_saiyou@auslink.co.jp,人事部採用担当〒169-0073　東京都新宿区百人町一丁目21番5号TEL：03-5331-8216MAIL：info_saiyou@auslink.co.jp
"株式会社 ケー・シー・ジー・センター",4000万円,5億8千万円（2016年7月期実績）,"代表取締役社長　中橋 直紀",,,"〒530-0041　大阪市北区天神橋2-4-17　千代田第一ビル8Ｆ  ＴＥＬ：06-6353-1974 担当：小倉"
株式会社エスユーエス,4億2593万円(2017年9月28日現在),"53億円　　　　 (2016年9月期)　前年比122％UP43億2800万円　(2015年9月期)","代表取締役　齋藤 公男",,recruit@m.sus-g.co.jp,"【 京 都 本 社 】　TEL：0120-643-401　(新卒採用専用フリーダイヤル)　新卒採用担当：駒村・柴田・畑中・岩永・井上・古川　 　〒600-8008 　京都府京都市下京区四条通烏丸東入ル長刀鉾町8　京都三井ビルディング5階 　アクセス：阪急京都本線「烏丸」駅21番出口直結 　　　　　　　市営地下鉄烏丸線「四条」駅直結 【 東 京 本 社 】 　TEL：03-6431-9332 　新卒採用担当：猪熊・寺垣・齋藤・篠田 　〒141-0032 　東京都品川区大崎1-6-4　新大崎勧業ビルディング7階 　アクセス：JR山手線、埼京線、りんかい線、湘南新宿ライン「大崎」駅直結 　　　　　　　　(東口改札口 歩道橋を渡り右側) 　e-mail　：　recruit@m.sus-g.co.jp"
株式会社阪栄マネージメント,1000万円,3億7000万円（2016年12月期）,"代表取締役　 露谷 勝昭",https://www.hanei.co.jp,inoue@hanei.co.jp,〒530-0041大阪市北区天神橋2丁目4番17号　千代田第一ビル6FTEL：06-6351-8384（代表）FAX：06-6355-3672E-mail：inoue@hanei.co.jpURL：https://www.hanei.co.jp＜交通＞地下鉄谷町線・堺筋線「南森町」4B出口から東へ50m、ＪＲ東西線「大阪天満宮」3番出口から東へ15m
株式会社ピーアイシステム,6600万円,6億181万円（2015年度実績）,"代表取締役　菅野 豊治",http://www.pis.co.jp,,"株式会社ピーアイシステム 【大阪本社】大阪市淀川区西宮原1-8-29　テラサキ第二ビル7階　　　　　　　 TEL06-6150-3001　採用担当◇ＵＲＬ◇http://www.pis.co.jp/◇E-mail◇ jinji＠pis.co.jp"
株式会社システムコーディネイト,1億円,≪売上高は順調に推移しています！≫23億7000万円（2008年3月実績）24億8000万円（2009年3月実績）25億1000万円（2010年3月実績）26億3000万円（2011年3月実績）27億3000万円（2012年3月実績）25億2000万円（2013年3月実績）27億8000万円（2014年3月実績）30億0000万円（2015年3月実績）32億5000万円（2016年3月実績）34億5000万円（2017年3月実績）,代表取締役社長　根本健時,http://www.sysco.co.jp,saiyo@sysco.co.jp,所在地／〒170-0013　東京都豊島区東池袋4-21-1　アウルタワー担当者／総務部　新卒採用係　フリーダイヤル:／0120-355-546E-mail:saiyo@sysco.co.jpURL:http://www.sysco.co.jp/
株式会社ニッセイコム,3億円,206億円(2016年度),代表取締役取締役社長　荻山　得哉,,,"株式会社ニッセイコム東京都品川区大井1-47-1 NTビル〒140-8511人事総務部　03-5742-7372"
有限会社スギテック,960万円(内資本準備金660万円),1億2000万円,代表取締役　杉野　正一,http://www.sugitec.co.jp/,info@sugitec.co.jp,"有限会社スギテック〒550−0001大阪府大阪市西区土佐堀1丁目4番6号　肥後橋新興産ビル6F-A採用強化チームTEL：06-6147-6200メール： info@sugitec.co.jp"
ユニバース情報システム株式会社,4700万円,,代表取締役　　谷　庚三,,,"■本　社：東京都港区芝大門1丁目12番16号ＴＥＬ/03−5472−1077Ｅ-ｍａｉｌ/ saiyo.tokyo@uisnet.co.jp■関西支店／大阪府大阪市淀川区西中島5丁目5番15号ＴＥＬ/06−6300−3411Ｅ-ｍａｉｌ/ saiyo.osaka@uisnet.co.jp■九州支店／福岡県福岡市博多区博多駅前1丁目15番20号ＴＥＬ/092−472−1916Ｅ-ｍａｉｌ/ saiyo.kyusyu@uisnet.co.jp■名古屋営業所／愛知県名古屋市中区錦2丁目18番5号ＴＥＬ/052−231−8801Ｅ-ｍａｉｌ/saiyo.nagoya@uisnet.co.jp"
株式会社ルーセントスクエア,8400万円,"13億1300万円 （2017年3月）12億2200万円 （2016年3月）11億2400万円 （2015年3月）","代表取締役会長　　山岸 満廣代表取締役社長　　村井 雅道",http://www.lucentsquare.co.jp,recruit@lucentsquare.co.jp,"■電話でのお問い合せ 【本社】〒135-0042東京都江東区木場5-11-17　商工中金深川ビル4F東西線「木場駅」沢海橋方面　１番出口 隣りビルTEL: 03-5620-1400 【北海道支店】〒060-0032北海道札幌市中央区北2条東4丁目 サッポロファクトリー3条館4F東西線「バスセンター前駅」徒歩約7分TEL: 011-207-4300 【富山営業所】〒930-0005富山県富山市新桜町2-24　トミ第一ビル7F市電「電気ビル前駅」徒歩1分TEL: 076-444-5305 【大阪営業所】〒541-0042大阪市中央区今橋2-2-17　今川ビルディング8F京阪本線・堺筋線「北浜駅」徒歩2分TEL: 06-6209-7201 　 採用担当：篠山■メールでのお問い合せ  e-mail: recruit@lucentsquare.co.jp■ホームページ　URL http://www.lucentsquare.co.jp"
株式会社日本オーエー研究所,6000万円,"16億8923万円（2016年12月期実績）14億6470万円（2015年12月期実績）12億4301万円（2014年12月期実績）11億0111万円（2013年12月期実績）10億4588万円（2012年12月期実績） 　",代表取締役社長　奥山宏昭,http://www.noar.co.jp,,"株式会社　日本オーエー研究所 〒102-0072　東京都千代田区飯田橋3-11-15　UEDAビル2階/本社03-6261-0287／採用担当http://www.noar.co.jp"
株式会社グローバルソフトウェア,3億6180万円,10億円（平成28年9月実績）,代表取締役社長　狩野　賢一,http://www.globals.jp,jinji@globals.jp,"株式会社グローバルソフトウェア〒367-0044埼玉県本庄市見福3-11-10TEL:0495-22-0001E-Mail: jinji@globals.jpURL: http://www.globals.jp/採用担当　立石"
株式会社ソリトンシステムズ,13億2650万円,"160億円 連結（2016年12月期）","代表取締役社長 鎌田　信夫",,shohei.kawashita@soliton.co.jp,"株式会社ソリトンシステムズ 本社所在地：〒160-0022 東京都新宿区新宿2-4-3採用担当：川下e-mail：shohei.kawashita@soliton.co.jpTEL：03-5360-3844"
株式会社アウトソーシングテクノロジー,4億8365万4000円,266億7100万円（2016年12月31日現在）,"代表取締役社長／茂手木 雅樹",,,"株式会社アウトソーシングテクノロジー【IT職採用窓口】〒100-0005 東京都千代田区丸の内1-8-3 丸の内トラストタワー本館5FTEL／03-3286-4884"
株式会社パワーエッジ,3800万円,"2010年　2億7800万円2011年　4億0060万円2012年　4億2900万円2013年　5億3200万円2014年　6億7400万円2015年　8億7200万円2016年 12億2500万円","塩原 正也",,,"株式会社パワーエッジ採用担当赤星　一実(あかぼし　かずみ)　saiyo@poweredge.co.jp 　〒171-0014 　 東京都豊島区池袋2-43-1 池袋青柳ビル 9FTEL:03-5950-3167(受付時間10:00〜18:00） 【学生の皆さんへ】パワーエッジでは、自らが考え行動できる人のために『活躍の場』を用意しています。大切なのはそこで勝負する一人ひとりです。 それぞれの輝きが、仕事・会社の力となり、お客様の輝きへとつながります。 単なるモノを作るということだけにとどまらない、「技術力」と「人間力」のバランス感覚に優れたトップレベルの技術者集団を一緒に目指しましょう。私たちと共に新しい環境を生み出すことができる人、 そして現在の環境に甘えず、目標に向かって進み続ける情熱のある方のご応募を心よりお待ちしています。"
株式会社ブロードリーフ,７１億２，７００万円（２０１５年１２月末現在）,１６８億２，４００万円（２０１５年１２月期）,代表取締役社長　大山　堅司,https://www2.broadleaf.co.jp,recruit@broadleaf.co.jp,"株式会社ブロードリーフ新卒採用担当〒140-0002東京都品川区東品川4-13-14 グラスキューブ品川8FTEL　：　03-5781-3041E-mail：　recruit@broadleaf.co.jp新卒HP：https://www2.broadleaf.co.jp/recruit/top.html会社HP：http://www.broadleaf.co.jp/"
株式会社MJC,1億円,"30億0184万円（2017年2月期実績）30億9152万円（2016年2月期実績） 28億8927万円（2015年2月期実績）","代表取締役社長 　川崎　友裕",,recruit@mjcnet.co.jp,【宮崎本社】〒880-0032宮崎県宮崎市霧島2-84-1TEL:0985-25-8228（直通）総務部　採用担当/落合、岩本E-MAIL:recruit@mjcnet.co.jp
三井造船システム技研株式会社,7億2000万円,173億8003万円&lt;2017年3月期&gt;,"代表取締役社長 　森重 利文",http://www.msr.co.jp,saiyou@msr.co.jp,"〒261‐8501千葉県千葉市美浜区中瀬一丁目3番 幕張テクノガーデンD棟9階総務人事部　採用担当E-mail : saiyou@msr.co.jpTEL : 043-274-6162URL : http://www.msr.co.jp/"
大京システム開発株式会社,1200万円,■21億5500万円(2017年2月期実績)■21億5200万円(2016年2月期実績)■18億200万円(2015年2月期実績),代表取締役社長　宇山　英幸,http://www.u-dsk.co.jp,,大阪本社〒550-0002大阪市西区江戸堀1-9-1　肥後橋センタービル8ＦTEL／06-6441-5815　新卒採用担当
株式会社コア,4億4020万円,193.7億円　（2017年3月度）,代表取締役会長　種村　良平代表取締役社長執行役員　松浪　正信,,saiyo@core.co.jp,"◆本社（東京地区）〒154-8552 東京都世田谷区三軒茶屋1-22-3 コアビル　 採用担当：保持TEL:03-3795-5130 / E-Mail:saiyo@core.co.jp ◆北海道カンパニー〒060-0001 札幌市中央区北一条西4-2-12 北一条アネックスビル5F　 採用担当：加賀谷TEL:011-272-4111 / E-Mail:saiyo_hc@core.co.jp◆東関東カンパニー（茨城／千葉／秋田／仙台技術センター）〒319-1221 茨城県日立市大みか町4-29-1採用担当：菊池TEL:0294-53-0221 / E-Mail:hkc@core.co.jp◆中部カンパニー〒460-0003 名古屋市中区錦1-16-7 NORE伏見採用担当：石田TEL:052-231-8281 / E-Mail:ccjinji@core.co.jp◆関西カンパニー〒559-0031 大阪市住之江区南港東8-2-25採用担当：松浦TEL:06-6613-5851 / E-Mail:saiyo-knc@core.co.jp◆中四国カンパニー〒733-0834 広島市西区草津新町1-21-35 広島ミクシスビル　 採用担当：山我（やまが）、北村TEL:082-278-0511 / E-Mail:csc-saiyo@core.co.jp◆九州カンパニー〒810-0001 福岡市中央区天神2-13-7 福岡平和ビル　 採用担当：納富TEL:092-712-9811 / E-Mail saiyou-kc@core.co.jp"
株式会社アイティシステム,3000万円,10億100万円（2016年9月決算）,古関幸夫,,,"株式会社アイティシステム人事部〒111-0041東京都台東区元浅草 4-10-6 AUSPICE元浅草ビル10FTEL：03-6802-7711"
株式会社キューブシステム,7億6897万円,"128億円（単体：118億円） 2017年3月実績126億円（単体：117億円） 2016年3月実績125億円（単体：116億円） 2015年3月実績112億円（単体：104億円） 2014年3月実績　92億円（単体：85億円）　2013年3月実績　84億円（単体：79億円）　2012年3月実績　91億円（単体：86億円）　2011年3月実績　87億円（単体：80億円）　2010年3月実績　85億円（単体：77億円）　2009年3月実績　81億円（単体：73億円）　2008年3月実績　79億円（単体：71億円）　2007年3月実績　77億円（単体：71億円）　2006年3月実績　71億円（単体：65億円）　2005年3月実績",代表取締役　社長　　崎山　收,http://www.cubesystem.co.jp,jinjisaiyou@cubesystem.co.jp,"株式会社キューブシステムコーポレートサービス本部　人材開発室　採用担当／関口、天野、神岡 〒141-0032 東京都品川区大崎2-11-1　大崎ウィズタワー □問い合わせ先　　採用全般について　 ：0120-900-276 □E-mail : jinjisaiyou@cubesystem.co.jp □採用HP : http://www.cubesystem.co.jp/jp/recruit/index.html"
日本アクティ・システムズ株式会社,1億円,20億円（2015年3月）,"代表取締役　山口 博之",,,"【東京】〒108-0073東京都港区三田3丁目14番10号　三田3丁目MTビル10FTEL：03-3453-6461採用担当【大阪】〒 532-0003大阪市淀川区宮原3丁目4番30号 ニッセイ新大阪ビル14ＦTEL：06-6398-1711採用担当"
FPTジャパン株式会社,9000万円,113億円（2016年12月期実績）,代表取締役社長　チャン・ダン・ホア,https://www.fpt-software.jp,,"FPTジャパン株式会社〒105-0011東京都港区芝公園1-7-6CROSS PLACE 浜松町6階採用担当メール : fjp.ra@fsoft.com.vn"
株式会社システムリサーチ,5億5015万円,104億5420万円（単体）104億6579万円（グループ連結）※2016年3月期,"代表取締役社長　布目 秀樹",,,本社〒453-0861愛知県名古屋市中村区岩塚本通二丁目12番TEL052-413-6820（代表）FAX052-413-5037
フラットシステムソリューションズ株式会社,1000万円,,代表取締役　平一彦,http://flat-ss.co.jp,,"【本社】〒160-0023東京都新宿区西新宿3-1-5　新宿嘉泉ビル8F【秋葉原オフィス】〒101-0024東京都千代田区神田和泉町1-3-1　三恵ビル本館8F【大阪支店】〒541-0054大阪府大阪市中央区南本町3-2-1　鈴木康ビル6FTEL ： 06-6281-8061（採用担当）URL ： http://flat-ss.co.jp/"
株式会社日本ブレーン,9000万円,17億6000万円(2016年6月期),"代表取締役社長 宮内剛之",http://www.jbc.co.jp/,saiyo2018@jbc.co.jp,"〒170-6056東京都豊島区東池袋3-1-1 サンシャイン60　56F日本ブレーン 人事部 武藤(ムトウ)/大橋TEL：03-3984-7511(代表)FAX：03-3984-7510E-MAIL：saiyo2018@jbc.co.jp"
日本ソフトウエア株式会社,"5691万円 ■自己資本比率：59.5％（2016年1月期）","●17.2億円(2016年1月期実績) ●16.3億円(2015年1月期実績) ●15.1億円(2014年1月期実績)","代表取締役社長 小泉　敏夫",http://www.nsware.co.jp/,nsware_saiyou@nsware.co.jp,"〒553-0003　大阪市福島区福島7−20−1 KM西梅田ビル7階　 経営企画部TEL 06-6105-1200 E-mail：nsware_saiyou@nsware.co.jp URL：http://www.nsware.co.jp/"
株式会社エコーシステムズ,1000万円★★当社は完全な「独立系ソフトウェア会社」です。大手系列ではないからこそ、自由な社風・開発スタイルを貫けます。,6億0590万円（2016年9月実績）6億1100万円（2015年9月実績）6億3400万円（2014年9月実績）★★設立以来、順調に着実に業績を伸ばしています。社員一人ひとりの力と取引先からの信頼が当社の成長を支えています。,"代表取締役社長／阿部 弘★★『会社に動かされるのではなく、社員が会社を動かしていきたい』『自由で家族的な環境を作りたい』そんな想いが会社設立のきっかけです。とてもなごやかな雰囲気の社長だと新入社員からも慕われています。",http://www.echo-s.co.jp,,"■大阪オフィス〒550-0003　大阪府大阪市西区京町堀2丁目5番16号　UTSUBO GIZAビルTEL.06-6446-5841 FAX.06-6446-5991■東京オフィス 〒140-0014　東京都品川区大井1丁目45番2号　ジブラルタル大井ビルTEL.03-5743-0351 FAX.03-5743-0352URL. http://www.echo-s.co.jp/E-mail. kyujin@echo-s.co.jp"
株式会社村田ソフトウェアサービス,2512万円,6億円／2015年12月実績,代表取締役　村田知史,http://www.mss-g.co.jp,office@mss-g.co.jp,"大阪市西区北堀江1-6-2　サンワールドビル5F TEL06-4390-7654　採用担当ＵＲＬ…http://www.mss-g.co.jpE-mail…office@mss-g.co.jp"
株式会社ソフトウェアクレイドル,2000万円,,代表取締役社長　久芳将之,http://www.cradle.co.jp,personnel@cradle.co.jp,"株式会社ソフトウェアクレイドル人事担当〒530-0001　大阪市北区梅田3-4-5毎日インテシオ17FTEL:06-6343-5641e-mail:　personnel@cradle.co.jp会社ホームページ http://www.cradle.co.jp/採用情報ページ　　http://www.cradle.co.jp/career/"
ＴＯＫＡＩグループ,12億2100万円（2017年3月期）,1786億円（グループ連結、2017年3月期）,代表取締役社長　鴇田　勝彦,http://tokaiholdings.co.jp,tk-saiyo@tokai-grp.co.jp,"●TOKAIグループ　ITプロフェッショナル職採用担当チーム●本社　〒420-0034 静岡市葵区常磐町2-6-8東京本部　〒105-0022 東京都港区海岸1-9-1 浜離宮インターシティ人事採用・研修室　佐藤、揚原TEL 　　0120-00-3141メール　tk-saiyo@tokai-grp.co.jpHP http://tokaiholdings.co.jp/recruit/index.html　　　　　（※先輩社員の仕事を紹介した動画も掲載しています）"
コンピューターシステム株式会社,5000万円,"13億5000万円 (2014年3月期)13億5700万円 (2015年3月期)13億7000万円　 (2016年3月期)","代表取締役　大塚 忠",http://www.jcsc.co.jp,kanribu@jcsc.co.jp,"〒790−0001愛媛県松山市一番町3丁目2-11 松山第一生命ビル8階採用担当／三根生（みねおい）ＴＥＬ：089−921−6638ＦＡＸ：089−921−9313E-mail：kanribu@jcsc.co.jp"
株式会社ドイコンピュータマネージメント,2000万円,4億円,"代表取締役会長 土井 八老",,,"株式会社ドイコンピュータマネージメント〒150-0011東京都渋谷区東3-22-8 サワダビル2FTEL：03-5469-1221(代表)FAX：03-5469-1222"
ソフラ株式会社,7100万円,10億円（2016年3月期）,"井本 裕順",,,ソフラ株式会社　新卒採用係〒672-8048　兵庫県姫路市飾磨区三宅2-11TEL：050-3803-1032
イー・アンド・エム株式会社,6000万円,4320（百万円）【2016年9月期】,"代表取締役社長　滝沢 次郎",http://www.eandm.co.jp,saiyo2017@eandm.co.jp,"◆ご連絡は窓口【E-mail：saiyo2017@eandm.co.jp】または以下にお問い合せ下さい。 (採用・選考は本社事業所・営業所で行います。)◆イー・アンド・エム株式会社東京本社〒102-0083　東京都千代田区麹町三丁目一番地一　麹町３１１ビル　管理本部　楓（かえで）、阪上（さかうえ）　TEL:03-3230-1301宮崎事業所〒880-0303　宮崎県宮崎市佐土原町東上那珂16079-35 宮崎テクノリサーチパーク内　管理本部　益留（ますどめ）　TEL:0985-30-5170大阪営業所〒532-0003 大阪府大阪市淀川区宮原1-2-6 新大阪橋本ビル8階　管理本部　河路（かわじ）　TEL:06-4807-3207福岡事業所〒812-0011　福岡県福岡市博多区博多駅前2−19−27　九勧博多駅前ビル6F　管理本部　三井（みつい）　TEL:092-412-2820ホームページ　【http://www.eandm.co.jp/】"
株式会社ソフトプレックス,1000万円,9億1355万円（2016年4月期）,代表取締役　葛西泰寛,,,"株式会社ソフトプレックス／採用担当〒103-0015　東京都中央区日本橋箱崎町41-12　KDX箱崎ビル 4階TEL:03-5614-5821"
株式会社サン・メルクス,4500万円,5億9千万（平成28年6月期現在）,代表取締役社長　奥村一夫,http://www.sunmelx.com,recruit@sunmelx.com,株式会社サン・メルクス総務部　採用担当〒106-0032　東京都港区六本木6丁目2番31号　六本木ヒルズノースタワー6F【TEL】03-5786-3311【E-mail】recruit@sunmelx.com【交通】地下鉄日比谷線「六本木」駅1b出口直結【HP】http://www.sunmelx.com※ご不明な点がございましたら、上記電話番号・E-mailにお気軽にお問い合わせください。
株式会社テクノクリエイティブ,10000000円,18億円（2016年9月実績）,"代表取締役　三嶋 一秀",http://www.techno-creative.co.jp,,株式会社テクノクリエイティブ〒862−0954熊本市中央区神水2丁目9−1TECHNO-CREATIVEビルTEL：096−386−2360担当：高村、内田http://www.techno-creative.co.jp/
株式会社ミオソフト,6000万円,2億421万円(2016年1月期実績),"代表取締役　清水 正治",,,"〒532-0003　大阪市淀川区宮原4-1-6 アクロス新大阪 8F06-6394-9716／採用担当"
株式会社ヘイセイインテリジェンス,10万米ドル,96百万円(2014年度3月決算)65百万円(2013年度3月決算)66百万円(2012年度3月決算)60百万円(2011年度3月決算),久保則幸,,kitao@heisei-intelligence.com,新卒採用担当　北尾メール：kitao@heisei-intelligence.com電話：06-6534-7671
株式会社ブライセン,2億6300万7500円,□36億(2017年10月見込み）□17億5000万円（2016年10月実績)　※事業年度変更のため7ヶ月の変則決算）□23億9447万3000円（2015年3月実績）□17億9806万8000円（2014年3月実績）□16億6998万8000円（2013年3月実績）,代表取締役社長　藤木優【藤木社長はこんな人！】■ベトナムへの想い…小学生の時に、ベトナム戦争の悲惨な状況をテレビや学校の先生などから聞き、「チャンスがあればいつか自分もベトナムに行き、現地の人たちの力になりたい！」と幼いながらに強く感じたことが、藤木がベトナムに興味を持つようになったきっかけ。約20年前に、たまたまた参加した経営者会でベトナムを支援している方に出会い、「子供の頃は何もしてあげられなかったけれど、今の自分ならきっと力になれるはず」と一念発起し、ブライセンのベトナム進出を決意しました。■人と人とのつながり…以前、仕事を通して親しくなったロシア企業の社長夫妻に子どもが生まれることになり、その名付け親になってほしいと頼まれたことがありました。藤木は、ロシアの友人の願いを快く引き受け、忙しい仕事の合間にロシアへ出発。現地の宗教方式に則り大きな教会で洗礼を受け、赤ちゃんの名付け親になったほど、人と人とのつながりを大切にしています。ちなみに、その赤ちゃんに付けた名前は「ユキティーマ」。藤木が尊敬する日本の戦国武将の1人、真田幸村から「ゆき」の文字を引用しました。ブライセンに古くから根付いている「人のために」という風土には、人と人とのつながりを大切にする社長の人柄が強く影響しているのかもしれません。,http://www.brycen.co.jp,recruit@brycen.co.jp,"【お問い合わせ先】採用担当□TEL…03-6264-7221（代表）□E-mail…recruit@brycen.co.jp【本社所在地】〒104-6591東京都中央区明石町8番1号　　　　　聖路加タワー30階□東京メトロ日比谷線「築地」　3番出口より徒歩7分 □東京メトロ有楽町線 「新富町」駅 6番出口より徒歩8分 【ホームページ】□URL…http://www.brycen.co.jp/"
日本自動化開発株式会社,7200万円,2016年2月期　87.5億円2015年2月期　81.5億円2014年2月期　76.1億円2013年2月期　64.8億円,代表取締役社長/金井　政博,,,"東京都台東区台東4-19-9　山口ビル7　9F　〒110-0016 (JAD本社)担当/人事部:岡本TEL:03-3834-0701(代)FAX:03-3834-0705E-mail/saiyou@jadc.co.jp交通機関/JR山手線:御徒町駅より徒歩5分、東京メトロ日比谷線:仲御徒町駅より徒歩3分、都営地下鉄大江戸線・つくばエクスプレス線:新御徒町駅より徒歩5分"
株式会社テクノアスカ,2000万円,16億円(2017年5月期実績）,代表取締役　大井　旭,http://www.t-ask.co.jp,,株式会社テクノアスカ　採用係〒460-0008　愛知県名古屋市中区栄4-14-5　松下中日ビル【ホームページ】http://www.t-ask.co.jp/【Facebook】https://www.facebook.com/TekunoAsuka【問い合わせ先】●TEL/052-251-9596　●MAIL/t-soumu@t-ask.co.jp
株式会社シーエーシー,4億円,216億9500万円（2016年12月期）,代表取締役社長　酒匂　明彦,http://www.cac.co.jp,,"〒103-0015 東京都中央区日本橋箱崎町24-1 人事部　採用担当　前田、山田、渡邊tel:0120-411-073 mailto:recruit@cac.co.jp URL:http://www.cac.co.jp/recruit/ 【アクセス】東京メトロ半蔵門線「水天宮前」駅(2番出口)徒歩1分 ※詳細は当社Webサイト「会社情報」→「地図」をご覧ください。 http://www.cac.co.jp/company/company6.html"
株式会社ヴィンクス,5億9603万円,270億9439万円　（2016年3月期）,代表取締役　社長執行役員　藤田　俊哉,http://www.vinx.co.jp,jimukyoku1@vinx.co.jp,"■採用窓口人財開発部　採用課※説明会開催場所は下記とは異なる場合がありますのでご注意ください。〒101-0041 東京都千代田区神田須田町2-7 NKビルTEL：03-5209-7386MAIL：jimukyoku1@vinx.co.jpH P ：http://www.vinx.co.jp/"
株式会社シティ・コム,1000万円,"　決算期　　　　　売上高_______________________________2017年1月　　22億2255万円2016年1月　　21億9024万円2015年1月　　18億2741万円2014年1月　　17億1409万円2013年1月　　14億7391万円※決算期：1月　事業年度は2月〜翌年1月　 例：決算期2017年1月は2016年2月〜2017年1月","瓦谷 仁",http://www.citycom,,"■大阪オフィス〒532-0011大阪市淀川区西中島6-1-1　新大阪プライムタワー15ＦTEL:06-6309-9920　採用担当：内田MAIL:recruit18@citycom.co.jp■東京オフィス 〒163-0511東京都新宿区西新宿1-26-2　新宿野村ビル11FTEL:03-6911-3688　採用担当：佐藤MAIL:recruit18@citycom.co.jp《コーポレートサイト》http://www.citycom.co.jp/《新卒採用サイト》http://www.citycom.co.jp/recruit/《新卒採用Facebook》https://www.facebook.com/citycom.recruit/"
医療システムズ株式会社,6000万円,195000万円（2016年3月）,"代表取締役社長　柳井 保平",http://www.mds-ipnet.co.jp,mdsjinji@mds-ipnet.co.jp,"医療システムズ株式会社　人事総務部　採用担当　名雪・吉岡・勝山〒171-0031　東京都豊島区目白2-16-20　TCS-HD南池袋ビル TEL : 03-5950-5111 E-mail : mdsjinji@mds-ipnet.co.jp URL : http://www.mds-ipnet.co.jp"
日本ソフト開発株式会社,1億9000万円,16億8400万円(2017年5月実績),"代表取締役会長兼社長　藤田 義嗣",http://www.nihonsoft.co.jp,recruit@nihonsoft.co.jp,"日本ソフト開発株式会社事業管理部 社長室　 採用担当　　丸岡 ・ 川崎所在地：滋賀県米原市米原西２３番地（ＪＲ米原駅新幹線西出口前）URL：　http://www.nihonsoft.co.jp/メール：　recruit@nihonsoft.co.jp電　話：　0749-52-3811　（平日 9：00〜12：00、12：45〜17：30）お気軽にご連絡ください。"
株式会社イーエフユーアドウィス,2000万円,9億2000万円(2016年12月実績）　★右肩上がり継続中!!10億5000万円（2017年12見込）,"代表取締役社長　加藤 文和",http://www.efu-addwis.co.jp,,"株式会社イーエフユーアドウィスURL…http://www.efu-addwis.co.jp/index.html【大阪オフィス】〒550-0004　大阪府大阪市西区靱本町1-4-8 本町KAZビル503号TEL：06-6225-7721【東京オフィス】〒101-0048　東京都千代田区神田司町2-7 福禄ビル9階TEL：03-5283-7747"
株式会社アイヴィス,5000万円,36億円（平成29年3月実績）,代表取締役　石和田雄二　　　　　,http://www.ivis.co.jp,saiyou@ml.ivis.co.jp,"〒113-0033　東京都文京区本郷3-6-6　本郷OGI BLDG.採用センター／新卒採用担当□TEL 03-5800-0780（代表）　□e-mail saiyou@ml.ivis.co.jp□URLhttp://www.ivis.co.jp/ □交通機関（本社）JR中央線・総武線御茶ノ水駅より／徒歩8分営団地下鉄丸ノ内線本郷三丁目駅／徒歩7分都営大江戸線本郷三丁目駅／徒歩7分 "
株式会社テクノア,7280万円,"30億3920万円（2016年2月）30億0100万円（2015年2月）24億9000万円（2014年2月） 19億7000万円（2013年2月）17億7000万円（2012年2月）15億1000万円（2011年2月）12億9000万円（2010年2月）　2015年売上構成：SI（業務用ソフトウェア受託開発・販売）20％、自社開発の専用パッケージソフト販売75％、他5％","代表取締役　山崎 耕治",http://www.technoa.co.jp,,"●住所／〒500-8364　岐阜市本荘中ノ町8-8-1●ＴＥＬ／058-273-1445 ●ＦＡＸ／058-273-9562●担当者／後藤※ホームページURL　http://www.technoa.co.jp/"
日本システムウエア株式会社,55億円,306億6700万円(2017年3月期)　※連結,代表取締役執行役員社長　多田　尚二,http://www.nsw.co.jp,deai@gw.nsw.co.jp,◆総務人事部　〒150-8577　東京都渋谷区桜丘町31-11　TEL:03-3770-0313(総務人事部)　／　E-Mail:deai@gw.nsw.co.jp◆ホームページ　　http://www.nsw.co.jp/
関西総合システム株式会社,3000万円,68000万円,代表取締役　金田　高司,,,"〒556-0017大阪市浪速区湊町1丁目2番3号　マルイト難波ビル14FTEL　　 06-4396-5320担当　　総務部 瀬羅（せら）"
富士ソフト株式会社,262億28万円／2014年12月期,"単体：1008億78百万円 （2016年12月期）連結：1642億18百万円 （2016年12月期）",代表取締役社長執行役員　坂下　智保,http://www.fsi.co.jp,fsi2018@syukatsu.jp,"富士ソフト株式会社人事部 新卒採用窓口〒231-8008神奈川県横浜市中区桜木町1-1TEL(フリーダイヤル)：0120-006-281※電話受付は9：00〜18：00.mail：fsi2018@syukatsu.jpURL：http://www.fsi.co.jp/Facebook：https://www.facebook.com/FUJISOFT.japan"
株式会社ワークスアプリケーションズ,3626506千円,"40786 百万円 ※2016年6月末時点（ 19年連続増収 / 連結実績 ）",代表取締役最高経営責任者(CEO)　牧野正幸代表取締役最高執行責任者(COO)　阿部孝司代表取締役最高技術責任者(CTO)　石川芳郎,http://www.worksap.co.jp,shinsotsu-saiyo@worksap.co.jp,"【住所】東京都港区赤坂1-12-32　アーク森ビル19F 【交通】東京メトロ南北線「六本木一丁目」駅 徒歩2分 東京メトロ南北線・銀座線「溜池山王」駅 徒歩4分 【問い合わせ窓口】TEL：03-6229-1231（受付時間：10:00〜18:00）e-mail：shinsotsu-saiyo@worksap.co.jp※ホームページもご覧下さい http://www.worksap.co.jp/（企業情報） http://career.worksap.co.jp/（採用情報）http://www.worksap.co.jp/hue/（製品情報）"
クオリサイトテクノロジーズ株式会社,1億円,,代表取締役社長　小森　彦太郎,,saiyo@qualysite.co.jp,"【沖縄採用】〒905-2172 沖縄県名護市豊原195番地3 みらい2号館クオリサイトテクノロジーズ株式会社　新卒採用担当　喜友名TEL: 0980-50-0600E-mail: saiyo@qualysite.co.jp【北海道採用】〒060-0003 北海道札幌市中央区北3条西4丁目1-1　日本生命札幌ビル13階クオリサイトテクノロジーズ株式会社　北海道開発センター　新卒採用担当　江川TEL: 011-207-2485E-mail: saiyo@qualysite.co.jp"
ＮＥＣソリューションイノベータ株式会社,86億6800万円,2557億3400万円,代表取締役　執行役員社長　杉山　清,https://www.nec-solutioninnovators.co.jp,,東京都江東区新木場1-18-7　〒136-8627人財企画部　採用グループ【フリーダイヤル】0120-30-2445【携帯から】03-5534-2767【お問合せフォーム】https://www.nec-solutioninnovators.co.jp/recruit/inquiry.html【採用ＨＰ】http://www.nec-solutioninnovators.co.jp/saiyo/index.html【交通機関】JR京葉線、東京メトロ有楽町線、りんかい線「新木場駅」下車徒歩約3分
Ｓｋｙ株式会社,4億5000万円,"476.8億円 （2017年3月期）",代表取締役　大浦淳司,https://www.skygroup.jp,,"Ｓｋｙ株式会社　リクルーティンググループ【採用本部】〒108-0075 東京都港区港南2丁目18番1号 JR品川イーストビル9階 ＜TEL＞03-5860-6122　（直通）【大阪本社】〒532-0003 大阪市淀川区宮原3丁目4番30号 ニッセイ新大阪ビル20階 ＜TEL＞06-4807-6301 　（直通）【名古屋支社】〒450-6339名古屋市中村区名駅一丁目1番1号 JPタワー名古屋 39階＜TEL＞052-446-8922　（直通）＜Mail＞jinji2@skygroup.jp＜URL＞: https://www.skygroup.jp/※電話受付時間　　月曜日から金曜日　9：00〜17：30　（祝日を除く）"
スミセイ情報システム株式会社,3億円,262億円（2016年3月期）,"代表取締役社長　下村 弘之",https://mypage.plus.i-web.jp,,"スミセイ情報システム　人事部採用担当　【大阪本社】〒532-0003大阪市淀川区宮原4-1-14　住友生命新大阪北ビル5階　TEL:06-6396-3935【東京本社】〒160-0023東京都新宿区西新宿6-14-1　新宿グリーンタワービル12階　TEL:03-3348-6287★新卒採用マイページはコチラ★ 　「スミセイ情報　採用」または「so fun 採用」で検索！　https://mypage.plus.i-web.jpn.com/slc2018/"
"株式会社 ジェイマックシステム",3000万円,20億5千万円（2016年6月期実績）,代表取締役　古瀬　司,http://www.j-mac.co.jp,,"株式会社　ジェイマックシステム新卒採用グループrecruit@j-mac.co.jp〒060-0034北海道札幌市中央区北4条東1丁目2-3 札幌フコク生命ビル10FTEL：011-221-6262Webサイト：http://www.j-mac.co.jp/"
株式会社フューチャーインフィニティ,6千万円（子会社と合わせて1億5千円）,２０１６年６月期　１８億１０００万円２０１５年６月期　１６億００００万円２０１４年６月期　１５億８３００万円,代表取締役社長　上林　宏充,http://www.fuin.co.jp,,"〒532-0012　大阪市淀川区木川東4-16-20採用担当/内田　TEL:0120-21-4501http://www.fuin.co.jpお問い合わせ：https://www.fuin.co.jp/contact/index.html より、お願いします。※ご質問等がございましたら気軽にお問い合わせください。※詳細な会社情報は当社ホームページをご覧ください。"
株式会社フォーカスシステムズ,29億500万円(平成29年3月現在),178億4600万円(平成29年3月実績),"代表取締役社長　　森 啓一",,saiyou18@focus-s.com,"株式会社フォーカスシステムズ　人事部学生専用Tel：0120-44-3205E-Mail:saiyou18@focus-s.com〒141-0022東京都品川区東五反田2-7-8　フォーカス五反田ビル　（JR山手線、都営浅草線 五反田駅　徒歩5分）"
"株式会社 日比谷コンピュータシステム",9000万円,43億5005万円(2016年3月期),加藤　俊彦,http://www.hibiya-cs.co.jp,soutarou.fukushi@hibiya-cs.co.jp,"株式会社日比谷コンピュータシステム採用担当〒135-0016東京都江東区東陽二丁目4番38号　東陽町H.C.S.ビルTEL：03-5690-4701E-mail： soutarou.fukushi@hibiya-cs.co.jpURL： http://www.hibiya-cs.co.jp/"
三菱電機コントロールソフトウェア株式会社,3億円,"263億円 （2017年3月 実績）248億円 （2016年3月 実績）233億円 （2015年3月 実績）","取締役社長　 池田 一成",http://www.mcr.co.jp,saiyomcr@mj.MitsubishiElectric.co.jp,"〒650-0027神戸市中央区中町通２丁目１番１８号　ＪＲ神戸駅ＮＫビル　１２階総務部 採用担当電話：078-360-4361Mail： saiyomcr@mj.MitsubishiElectric.co.jpＭＣＲ採用ＨＰ：http://www.mcr.co.jp/recruitment/"
株式会社Ｉ２Ｃ,"4780万円 (内資本準備金1140万円)",13.5億円（2015年3月期）　※グループ全体,代表取締役　堀　剛明,http://www.i2c.jp,,株式会社Ｉ２Ｃ（アイ・トゥー・シー）■東京本社東京都港区海岸1丁目11-1　ニューピア竹芝ノースタワー　22階交通:ＪＲ「浜松町駅」徒歩7分TEL:03-6432-4970■大阪オフィス大阪府大阪市北区大深町3-1　グランフロント大阪タワーB　16階交通:JR「大阪駅」直結TEL:06-6225-8548■福岡オフィス福岡県福岡市中央区天神5丁目5-2　さくらビル　2階交通:西鉄「福岡駅」徒歩5分TEL:092-726-6083■ホームページURL:http://www.i2c.jp
株式会社エムコスミック,2700万円,11億3200万円（2015年3月度）,代表取締役　三嶋　三好,,,■採用担当連絡先〒103-0026東京都中央区日本橋兜町3-3　兜町平和ビル5F03-5643-2313　新卒採用担当saiyo@mcosmic.co.jp
株式会社ディー・オー・エス,2400万円,2014年度　12億2500万円,"代表取締役 追立富男",http://www.dos-osaka.co.jp,recruit@dos-osaka.co.jp,"新卒採用担当〒550-0002　大阪市西区江戸堀1丁目15番27号 アルテビル肥後橋3階0120-974-415(フリーダイヤル）　　06-6444-3166（採用担当）E-mail:recruit@dos-osaka.co.jp【本社までの交通】大阪市営四つ橋線「肥後橋」駅より　徒歩2分 【ホームページ】http://www.dos-osaka.co.jp/【会社概要】http://www.dos-osaka.co.jp/profile.html【がんばる新人くん】http://employee.dos-osaka.co.jp/"
株式会社ナノコネクト,1億7485万円（3億2970万円　資本準備金含む）,非公開,代表取締役CEO　木島　貴志,http://nanoconnect-recruit.com,,"【神戸本社】〒 650-0024兵庫県神戸市中央区海岸通2-2-3　サンエービル5F（総合受付）6F（開発フロア）TEL：078-331-6333担当：矢根（やね）採用HP：http://nanoconnect-recruit.com/"
株式会社ビッツ,1億円,24億1125万円（2015年3月期）,代表取締役社長　加賀谷龍一,https://www.bits.co.jp,,"■本社・東京事業所〒141-0031東京都品川区西五反田8-11-13　五反田マークビル担当：工（たくみ）、松本、高橋TEL 03-3779-2120■東北事業所〒980-6016宮城県仙台市青葉区中央4-6-1　住友生命仙台中央ビル16F担当：長瀬、遠藤TEL 022-224-5538■関西事業所〒550-0013大阪府大阪市西区新町1-32-11　なにわ筋ファーストビル5F担当：東（ひがし）、垣原TEL 06-6533-5990ビッツHPhttps://www.bits.co.jp/採用特設サイトhttps://www.bits.co.jp/recruit/"
イーソル株式会社,"2億6500万円 （2005年9月29日変更）","6402百万円 （2016年12月期）",代表取締役社長　長谷川　勝敏,,,"〒164-8721　東京都中野区本町1-32-2　ハーモニータワーイーソル株式会社 管理部人事課　採用担当宛 TEL:0120-18-1096(平日9:30〜17:00)"
株式会社ゼクシス,9600万円,18.1億円(平成28年3月実績),代表取締役社長　久本　正幸,http://www.zexis.co.jp,shinoh@zexis.co.jp,"【大阪本社　採用窓口】　　〒540-0031　　大阪市中央区北浜東4番33号　北浜ネクスビル　30階　　担当/人事部　　TEL:06-6355-4187(代) FAX:06-6355-4487　　E-mail:shinoh@zexis.co.jp　　URL:http://www.zexis.co.jp"
株式会社セカンドセレクション,2000万円,2億600万円(2016年9月実績）1億9100万円(2015年9月実績）1億8100万円(2014年9月実績）1億6200万円(2013年9月実績）1億3600万円(2012年9月実績）※詳細は、弊社ホームページ参照,"代表取締役　井村 喜洋",,,"〒530-0005大阪市北区中之島2-2-2 大阪中之島ビル13FTEL:06-6232-1618FAX:06-6115-8803採用担当：鈴木まで"
株式会社ケーイーアイシステム,2900万円,4億3700万円(2016年9月現在),代表取締役社長　山本　和孝,,,"〒544-0024大阪府大阪市生野区生野西１丁目１番５号TEL 06-6712-1151(代表)FAX 06-6712-1311"
株式会社アイティフォース,1000万円,7.2億円,前田　眞,https://www.itforce.jp,,"株式会社アイティフォース【本社／大阪事業所】 　大阪府大阪市西区西本町１丁目１５番１０号 辰野西本町ビル　９階　TEL：06-6531-0380　採用担当まで　＜アクセス＞　大阪市営地下鉄四つ橋線「本町」駅　24番出口西へ徒歩5分（中央大通り沿い）【東京事業所】 　東京都中央区東日本橋２丁目２４番７号　東日本橋ビル　７階　TEL：03-5821-8488　採用担当まで　＜アクセス＞　JR総武本線「浅草橋」駅 東口より 徒歩6分　都営浅草線「東日本橋」駅 B3出口より 徒歩4分ホームページ：https://www.itforce.jp/contact/index.html"
株式会社図研,101億1706万円（東証一部上場）,221億9900万円（2017年3月期実績）,"代表取締役社長　金子 真人",http://www.zuken.co.jp,recruit@zuken.co.jp,"株式会社　図研 総務人事部　新卒採用チーム 〒224-8585 神奈川県横浜市都筑区荏田東2-25-1 TEL:045-942-1598 mail:recruit@zuken.co.jp ★最新情報が満載です。図研ホームページ：http://www.zuken.co.jp/図研facebookページ：https://www.facebook.com/zukenrecruit"
センコー情報システム株式会社,6000万円,37億7000万円（2016年3月期）,代表取締役社長　川瀬由洋,http://www.sis.senko.co.jp,,センコー情報システム株式会社本社：〒581-0813　大阪府八尾市泉町2丁目58番地TEL：072-995-1202採用担当：内田ホームページ：http://www.sis.senko.co.jp/recruit/
DIRインフォメーションシステムズ株式会社,4億円,57.4億円（2015年3月期）,代表取締役社長　園田　壽信,http://www.dir-is.co.jp,recruit2018@dir-is.co.jp,"〒135-0034東京都江東区永代1-14-6　大和永代ビルDIRインフォメーションシステムズ株式会社　経営企画部　人事課　採用担当　加藤・下村・谷口（やぐち）　TEL ： 03-6365-2654 （平日9時 〜 17時）　E-mail ： recruit2018@dir-is.co.jp　URL ： http://www.dir-is.co.jp/"
徳洲会インフォメーションシステム株式会社,8000万円,21億円（平成28年3月実績）,"代表取締役社長　尾崎　勝彦 ",http://www.tokushukai-is.com,,"徳洲会インフォメーションシステム株式会社　〒530-0001大阪府大阪市北区梅田1-3-1-800大阪駅前第１ビル８階TEL：06-6346-2821（代表）HP：http://www.tokushukai-is.com/☆アクセス交通：JR東西線 「北新地駅」／地下鉄四つ橋線 「西梅田駅」 徒歩２分阪神 「梅田駅」 徒歩４分JR 「大阪駅」／地下鉄御堂筋線／地下鉄谷町線 「東梅田駅」 徒歩６分阪急 「梅田駅」 徒歩８分"
"パナソニック システムデザイン株式会社",2億円,56億円（2015年度実績）,代表取締役社長　林　仁,,psd-saiyou@ml.jp,"パナソニック システムデザイン株式会社e-mail：psd-saiyou@ml.jp.panasonic.com〒222-0033　横浜市港北区新横浜3-1-9　新横浜アリーナタワーTEL：045-471-9160採用担当"
ＴＩＳ西日本株式会社,6000万円,14億6500万円(2016年3月期),代表取締役社長　野中　浩司,http://www.tis-w.co.jp,info@tis-w.co.jp,"〒812-0013福岡県福岡市博多区博多駅東2-5-1 アーバンネット博多ビル３階採用担当／管理部TEL：092-452-8400E-mail：info@tis-w.co.jp≪URL≫　http://www.tis-w.co.jp/≪交通アクセス≫　福岡市営地下鉄「博多駅」筑紫口より徒歩5分"
株式会社トスコ,1億円,43.9億円（平成29年3月期）,"代表取締役社長　　 橋本　明三",http://www.tosco.co.jp,saiyo_ok@tosco.co.jp,"【本 社】／〒700-0953　　　　　岡山県岡山市南区西市116-13　　　　　担当／総務部 岡・今村・坂田　　　　　TEL／086-243-8868　　　　　E-mail／saiyo_ok@tosco.co.jp【東京支社】／〒105-0012 　東京都港区芝大門１丁目10-11 芝大門センタービル７階　　　 担当／総務部 小林・松田・菊地　　　　　 TEL／03-6367-0333　　　　　 E-mail／saiyo_tk@tosco.co.jp【名古屋事業所】／〒450-0002 　名古屋市中村区名駅5-30-1　いちご名駅ビル10階　　　 担当／総務部 後藤・岩田　　　　　 TEL／052-589-8828　　　　　 E-mail／saiyo_ny@tosco.co.jp　　　　　URL／http://www.tosco.co.jp/"
ウイングアーク１ｓｔ株式会社,2億円,120億円（2016年2月実績）,代表取締役社長　内野弘幸,http://www.wingarc.com,recruit@wingarc.com,"□■━━━━━━━━━━━━━━━━ウイングアーク１ｓｔ株式会社 人事部　採用担当 〒150-0031 東京都渋谷区桜丘町20-1 渋谷インフォスタワー4F TEL: 03-6416-5067（採用担当直通）FAX：03-5962-7311E-mail：recruit@wingarc.comWEB： http://www.wingarc.com/company/graduate/index.html━━━━━━━━━━━━━━━━━■□"
株式会社アイメック,1000万円,1億7400万円（2016年3月）,"代表取締役　辻 馨",,,"〒650-0033 兵庫県神戸市中央区江戸町98-1 東町・江戸町ビル4階TEL：078-332-0081／採用担当：管理部/豊田"
株式会社ＳＣＣ,2億6000万円,118億円(2015年度実績),代表取締役社長　松尾　泰,http://www.scc-kk.co.jp,saiyo@scc-kk.co.jp,"〒164-8505 東京都中野区中野5-62-1 eDCビル人事課　清水・下吉・田中・篠田TEL:03-3319-1940(採用担当直通) FAX:03-3319-6999E-Mail saiyo@scc-kk.co.jpURL http://www.scc-kk.co.jp交通:JR中央線・東京メトロ東西線中野駅北口徒歩1分"
PSP株式会社,3億7965万円,46億円※2016年6月実績,代表取締役社長　八木裕子,,pspsaiyo@access-t.co.jp,"ＰＳＰ株式会社〒106-0031　東京都港区西麻布4-16-13新卒採用チーム03-3479-0135E-MAIL pspsaiyo@access-t.co.jp"
シンポー情報システム株式会社,9000万円,41億900万円(2016年3月),代表取締役社長　中溝　正俊,,,■メールアドレス（共通）saiyo@shimpo.co.jp■フリーダイヤル（共通）0120-40-3140■採用担当（共通）青木■本社神奈川県横浜市神奈川区栄町7-1　神奈川トヨタmyXビル6階■中部支社愛知県名古屋市中区丸の内3-2-29　ヤガミビル8階■関西支店大阪府大阪市中央区平野町2-2-13　マルイト堺筋ビル5階
プレイス株式会社,1000万円,2億7000万円,代表取締役　坂元　利彰,http://www.plaice.co.jp/,,"プレイス株式会社　大阪本社住所：〒530-0004大阪市北区堂島浜2-2-8東洋紡ビルディング 4FTEL:06-6442-3872　FAX:06-6442-3882"
日本事務器株式会社,3億6000万円,287億円　2016年3月期,代表取締役社長田中　啓一,,saiyou-h@njc.co.jp,"〒151-0071　東京都渋谷区本町3-12-1 住友不動産西新宿ビル6号館TEL　0120-292-152(フリーダイヤル）E-mail　saiyou-h@njc.co.jp人事部：澤田、寺内"
株式会社ナノベース,1600万円（単体）,1億円（2015年9月期）5000万円（2014年9月期）,田中　康一,http://www.nanobase.co.jp,recruit@nanobase.co.jp,【所在地】〒550-0011　大阪市西区阿波座2-2-18　いちご西本町ビル11階【ＵＲＬ】http://www.nanobase.co.jp/【E-mail】recruit@nanobase.co.jp【TEL】06-6585-7612【採用担当】田中　有希
株式会社システムサポート,1億9555万円,58億9000円（2016年6月期）【単体】,代表取締役　小清水　良次,,tsaiyo@sts-inc.co.jp,ご希望の勤務地の新卒採用担当までご連絡ください。■東京地区（東京支社）〒163-0211　東京都新宿区西新宿2-6-1　新宿住友ビル11F電話番号：03-3342-9611E-mail：tsaiyo@sts-inc.co.jp■名古屋地区（名古屋支社）　〒450-0002　愛知県名古屋市中村区名駅3-13-26　交通ビル5F※2017年9月に【JPタワー名古屋】への移転が決定電話番号：052-571-3266E-mail：nsaiyo@sts-inc.co.jp■大阪地区（大阪支店）〒532-0003　大阪府大阪市淀川区宮原3-5-24　新大阪第一生命ビル2F電話番号：06-4807-7871E-mail：osaiyo@sts-inc.co.jp■金沢地区（北陸支社）〒920-0853　石川県金沢市本町1-5-2　リファーレ9F電話番号：076-265-5151又は0120-65-5158E-mail：hsaiyo@sts-inc.co.jp
株式会社アップロード,2000万円,5億2400万円（2016年度実績）,"代表取締役　折田 浩和",http://www.upload-gp.co.jp,yoshinori@upload-gp.co.jp,"採用担当／中川電話番号／06-6910-8480E-Mail／yoshinori@upload-gp.co.jpＨＰ／http://www.upload-gp.co.jp/住所／大阪：〒540-6321　大阪市中央区城見1-3-7　松下ＩＭＰビル21階※東京採用も大阪で管轄しておりますので、　 ご不明点等お気軽にお問い合わせくださいませ。"
アイサンテクノロジー株式会社,14億8145万2562円,27億9412万円(2016年3月期実績)28億2507万円(2015年3月期実績)22億2734万円(2014年3月期実績),"代表取締役社長　柳澤 哲二",http://www.aisantec.co.jp,at_recruit@at45.aisantec.jp,"名古屋市中区錦3-7-14　 ATビル採用担当／人事法務管理部　中越・安藤・山下■E-mail　at_recruit@at45.aisantec.jp■TEL　　　052-950-7500（代）【URL】http://www.aisantec.co.jp/"
株式会社アイエンター,3000万円,37億4000万円(2016年6月実績),"代表取締役　CEO　入江 恭広",,saiyou-group@i-enter.co.jp,株式会社アイエンター〒150-0002東京都渋谷区渋谷2-14-10　長沼ビル5F採用担当TEL：03-4405-5073E-mail：saiyou-group@i-enter.co.jp※土日祝日は休みとなります。休み明けのご連絡となりますので、ご理解のほどお願いいたします。
株式会社ニューウェイブ,1000万円,"11億6600万円（2016年 7月期）",代表取締役　日野美江子,http://www.newwave98.co.jp,,"〒792-0003愛媛県新居浜市新田町1-6-25採用担当：システム事業部 高橋準（たかはしじゅん）TEL：0897-35-2280http://www.newwave98.co.jprecruit@newwave98.co.jp"
株式会社ワイズマン,１億円,"８０億７４００万円（H２６年３月期連結）８４億２４００万円（H２７年６月期連結）８８億円　　　　 （H２８年６月期連結）",代表取締役社長　湯澤　一美,https://www.wiseman.co.jp,n-recruit@mx1.wiseman.co.jp,"〒020-0045岩手県盛岡市盛岡駅西通2丁目11番1号株式会社　ワイズマン 採用担当　古澤、山田、中嶋Tel : 019-604-0747 / Fax : 019-604-0770https://www.wiseman.co.jp/ e-mail　n-recruit@mx1.wiseman.co.jp"
株式会社ブレイン・ゲート,8000万円（グループ連結：10500万円）,,"代表取締役社長ＣＥＯ　佐野 泰紳",,,"〒450-0002名古屋市中村区名駅四丁目22-22　名駅ＫＭビル7Ｆtel :052-581-2911"
ロジザード株式会社,6626万1800円,"10億1003万円 (2016年6月期)　前期比18％成長（直近4期では連続して前期比18〜24％の成長）","代表取締役社長 金澤 茂則",,,"ロジザード　株式会社管理部　人事チーム〒103-0013東京都中央区日本橋人形町3-3-6ユニゾ人形町ファーストビル4F 　TEL：03-5643-6228"
"パナソニック アドバンストテクノロジー株式会社",1億円（パナソニック株式会社全額出資）,106億5300万円(2017年3月実績),"代表取締役社長　東 幸哉",,,"エントリー・会社説明会・採用選考など採用に関するご質問は下記までメールいただくか、またはお近くの拠点の採用担当宛お電話にてお問い合わせ下さい。メールでのお問い合わせ先：recruit.pad@ml.jp.panasonic.com大阪拠点：　〒571-8501　大阪府門真市大字門真1006番地　 　　　　　　パナソニック(株)先端研究本部　西門真地区B棟2F　　　　　　担当/人事部 人事課　岩田・上村　　　　　　TEL:06-6900-9742　横浜拠点：　〒224-8539　神奈川県横浜市都筑区佐江戸町600番地　　　　　　　パナソニック(株)佐江戸南地区S6棟　　　　　　　担当/人事部　辻　　　　　　　TEL:045-938-1558名古屋拠点：〒456-0002　愛知県名古屋市熱田区金山町1-7-5　　　　　　　　電波学園金山第1ビル4F　　　　　　　　担当/人事部 人事課　湯本　　　　　　　　TEL:052-683-6364　広島拠点：　〒732-0814　広島県広島市南区段原南1-3-53　　　　　　　広島イーストビル3F　　　　　　　担当/人事部 採用・人材育成課　岩坪　　　　　　　TEL:082-568-7500　　"
Ｔ＆Ｄ情報システム株式会社,3億円,191億640万円（2016年3月期）,代表取締役社長　木野　康雄,http://www.td-system.co.jp,,"T&D情報システム株式会社ＵＲＬ：http://www.td-system.co.jp/ ■本店 〒330-0075 　埼玉県さいたま市浦和区針ヶ谷4-2-18　太陽生命浦和ビル TEL:0120-314-828　採用担当 交通JR京浜東北線「与野」駅西口より徒歩8分 ■大阪事業所〒550-0002大阪市西区江戸堀1-2-1　大同生命大阪本社ビル交通大阪市営四つ橋線「肥後橋」駅　1-A、1-B出口すぐ大阪市営御堂筋線「淀屋橋」駅　4番出口より徒歩5分JR「大阪」駅より徒歩13分"
ファルメディコ株式会社,5000万円,15億600万円（2016年3月期）,代表取締役社長　狹間研至代表取締役会長　狹間紀代,http://www.pharmedico.com,,=============================================〒530-0041大阪市北区天神橋1-9-5　山西屋・西孫ビル2・3FTEL：06-4801-9555saiyo@pharmedico.com総務部/採用担当◆ＵＲＬ◆http://www.pharmedico.com◆交通機関◆【本社】大阪市営地下鉄堺筋線　南森町駅　4-B出口大阪市営地下鉄谷町線　南森町駅　4-B出口JR東西線　大阪天満宮駅　3番出口　　　　　　　　　より徒歩約10分=============================================
株式会社建設システム,４０００万円,非公開,代表取締役　栗田富夫「当たり前のことが当たり前にできる人づくり」を、経営の根幹に据える建設システムの創業社長。人を見、人を大切にし、人を育て、人を幸せにする。常に社員と共にある、私たちの自慢の社長です。,https://www.kentem.jp,saiyou@kentem.co.jp,"〒417-0862静岡県富士市石坂312-1株式会社建設システム　採用担当　前島TEL 　0545-23-2610E-mail　saiyou@kentem.co.jp　URL　 　https://www.kentem.jp/"
株式会社　アミック,3400万円,16.3億円,代表取締役　田北暁,http://www.ammic.co.jp,,"株式会社アミック　採用担当 牧野 〒430-7720 静岡県浜松市中区板屋町111-2　TEL 053-450-7850　（受付 10時〜17時、土・日・祝日除く）E-mail<recruit@ammic.co.jp>http://www.ammic.co.jp"
フォーサイトシステム株式会社,2億5千万円,88億7千万円(2017年1月期)81億6千万円(2016年1月期)80億1千万円(2015年1月期)77億6千万円(2014年1月期)62億9千万円(2013年1月期),"代表取締役社長／遠藤 史朗",http://www.foresight.co.jp,,"■九州地区福岡県福岡市中央区長浜1-4-6三岩九州総合ビル（〒810-0072）フリーダイヤル／0120-431-106担当／森山・松尾■東京地区東京都港区三田3-13-12　三田MTビル（〒108-0073）フリーダイヤル／0120-264-106担当／土屋■名古屋地区愛知県名古屋市中区栄4-16-8 栄メンバーズオフィスビル（〒460-0008）TEL／052-269-2123担当／福田・松尾■大阪地区大阪府大阪市北区豊崎3-19-3 ピアスタワー（〒531-0072）フリーダイヤル／0120-996-102担当／森山＜URL＞http://www.foresight.co.jp/＜E-mail＞jin@foresight.co.jp"
"株式会社 アイ・アイ・エム",3億9000万円,非公表,"代表取締役社長　関根 淳",,saiyo@iim.co.jp,"株式会社 アイ・アイ・エム採用担当：松村、矢部〒113-0033　東京都文京区本郷2丁目27番20号　本郷センタービル　E-Mail：saiyo@iim.co.jpTEL：03-5684-6771（代） FAX：03-5684-6845"
豊ハイテック株式会社,3800万円,29億7400万円(2014年3月実績)31億7970万円(2015年3月実績)35億円(2016年3月実績),"取締役社長：植竹 伸二",,saiyou18@yutaka-ht.co.jp,"＜採用(東京)＞ 〒111-0052東京都台東区柳橋1-11-11 浅草橋豊ハイテックビル【TEL】 03-5820-2951【FAX】 03-6386-8315【E-mail】 saiyou18@yutaka-ht.co.jp 採用担当／河村舞 ＜採用(愛知)＞ 〒472-0026　愛知県知立市上重原町腰前1-2 【TEL】 0566-81-8150【FAX】 0566-83-5543 【E-mail】 saiyou18@yutaka-ht.co.jp 採用担当／川上 真帆"
アイピーシステム株式会社,5000万円,"2016年6月期実績 798百万円2015年6月期実績 752百万円2014年6月期実績 775百万円2013年6月期実績 646百万円2012年6月期実績 591百万円",代表取締役　森　清治,,recruit@ipsys.co.jp,"＜岡山本社＞〒７００−０９６２ 岡山県岡山市北区北長瀬表町２−１６−２７ TEL：０８６−８０５−０６７８/ FAX：０８６−８０５−０６７９ MAIL:recruit@ipsys.co.jp採用担当：営業管理部　巻尾（まきお）"
株式会社テラスカイ,4億5682.7万円,"連結24億7972万円　単独24億 100万円（いずれも、2016年2月期実績）連結16億3969万円　単独16億 990万円（いずれも、2015年2月期実績）連結10億9942万円　単独10億9380万円（いずれも、2014年2月期実績）★9期連続　売上増！★",代表取締役社長　佐藤秀哉【経歴】1987年、新卒で日本アイ・ビー・エム株式会社入社。営業として勤務。13年間で、販売目標を外したのはわずか一度。2000年には、年間最優秀営業部員に送られる「セールス・オフィサー賞」を受賞。2001年3月セールスフォース・ドットコム日本法人の立ち上げに際し、執行役員営業統括本部長として参画。2006年3月テラスカイ設立。現在では、クラウド分野の第一人者として、多くのメディアにも取り上げられている。,http://www.terrasky.co.jp,,"株式会社テラスカイ東京都中央区日本橋一丁目3番13号　東京建物日本橋ビル 7階　03-5255-3421／新卒採用担当（recruit@terrasky.co.jp）http://www.terrasky.co.jp/recruit/"
株式会社大阪エヌデーエス,3000万円,9億1400万円（2016年3月期実績）8億2800万円（2015年3月期実績）7億9600万円（2014年3月期実績）,"代表取締役社長 平山 武司",http://www.nds-osk.co.jp,recruit@nds-osk.co.jp,"■株式会社大阪エヌデーエス 　〒540-0001 大阪府大阪市中央区城見1丁目4番70号　住友生命OBPプラザビル8F 　採用担当/中原・昆　TEL:06-6945-6800 E-mail:recruit@nds-osk.co.jp 　URL:http://www.nds-osk.co.jp/"
ソフトキューブ株式会社,1500万円,"3億5600万円 (西暦2016年3月）","代表取締役 北村 雄吾",http://www.softcube.co.jp,,"■ソフトキューブ株式会社　本社■〒570-0083大阪府守口市京阪本通2丁目3-5 リバティービル守口TEL：06-6991-6881　　管理部 採用担当　交通機関：　　　地下鉄谷町線「守口」駅3番出口より徒歩1分　　　京阪電車「守口市」駅東出口より徒歩5分URL　http://www.softcube.co.jp/"
株式会社コムニック,1億円,30億2800万円(2015年4月期),代表取締役社長　松岡稔,,,"〒103-0011東京都中央区日本橋大伝馬町6-9TEL. 03-5645-3111採用担当総務人事部　吉満勇一"
株式会社クレオ,31億4965万円,103億500万円（2016年3月期実績）,"代表取締役社長　柿崎 淳一",http://www.creo.co.jp,c-saiyou2018-ml@creo.co.jp,"■■■…………………………………………………………　株式会社クレオ　新卒採用担当　〒140-0002　東京都品川区東品川4-10-27 　住友不動産品川ビル 受付12階　TEL：0120-154-900　E-mail：c-saiyou2018-ml@creo.co.jp　URL：http://www.creo.co.jp/…………………………………………………………■■■"
エムオーテックス株式会社,2000万円,47億3100万（2016年3月期実績）,"代表取締役社長　河之口 達也",,saiyo@motex.co.jp,"■大阪本社（人事総務課：月田）〒532-0011大阪府大阪市淀川区西中島5-12-12　エムオーテックス新大阪ビルTEL:06-6308-8985E-mail saiyo@motex.co.jp■東京本部（人事総務課：奥澤） 〒108-0075東京都港区港南1丁目2番70号 品川シーズンテラス5階TEL：03-5460-1374E-mail　saiyo@motex.co.jp"
株式会社アイ・エス・ディ,3000万円,4億8000万円（2016年3月期）,社長　谷村和平,,info@isd-net.co.jp,株式会社アイ・エス・ディ〒550-0005　大阪市西区西本町1丁目13番地38号西本町新興産ビル採用担当TEL：06-6110-7800E-mail：info@isd-net.co.jp
株式会社脇電業商会,1000万円,非公開,"代表取締役　脇 隆俊",http://www.mtpnet.co.jp/index.html,m-saiyo@mtpnet.co.jp,"株式会社脇電業商会〒553-0006大阪市福島区吉野5丁目13番8号 脇電業本社ビル総務部　人事課　採用担当電話：06-6462-8000E-mail ： m-saiyo@mtpnet.co.jp"
株式会社内田洋行ＩＴソリューションズ,4億6000万円,96億7690万円（2016年7月期）,"代表取締役 社長執行役員　新家　俊英",http://www.uchida-it.co.jp,,株式会社内田洋行ＩＴソリューションズ採用ホームページ：http://www.uchida-it.co.jp/contents.php?id=8◆東日本地域の方は〒105-0004東京都港区新橋6-1-11　Daiwa御成門ビル管理本部　東日本採用チームTEL：03-5777-6622FAX：03-5777-6620◆西日本地域の方は〒600-8102京都市下京区五条通河原町西入　京都エクセルヒューマンビル管理本部　西日本採用チームTEL：075-341-4141FAX：075-341-8714
株式会社ＮＴＴデータＳＢＣ,1億円,101億円(2016年3月期実績),"代表取締役社長　西島 昭佳",,recruit@nttdata-sbc.co.jp,ご質問等がございましたら、お気軽に下記までお問い合わせください。株式会社ＮＴＴデータＳＢＣ総務部　採用担当大阪市中央区備後町二丁目1番1号　第2野村ビル6ＦTEL:06-6221-2026　（内線）6101E-mail：　recruit@nttdata-sbc.co.jpURL：　www.nttdata-sbc.co.jp
株式会社ソリッドアーツ,3500万円,3億9300万円（2017年2月期実績）,"代表取締役　守谷 晃一（もりや こういち）",http://www.solidarts.co.jp,,"〒563-0024 大阪府池田市鉢塚3-15-10TEL：072-762-2607新卒採用サイトURL　http://www.solidarts.co.jp/fresh/"
株式会社ISIDアドバンストアウトソーシング,3億円,非公開,"代表取締役社長　市川 建志",http://www.isid-ao.co.jp/,recruit-career@group.isid-ao.co.jp,"株式会社ISIDアドバンストアウトソーシング〒108-0075 　東京都港区港南二丁目17番1号 【TEL】03-6713-5925　採用担当【E-mail】recruit-career@group.isid-ao.co.jp■ISID−AOホームページ http://www.isid-ao.co.jp/■ISID−AO RECRUIT 2018http://www.isid-ao.co.jp/graduates.html"
日本インフォメーション株式会社,4億1020万円,"27億円 （平成28年3月実績）",代表取締役社長　　加藤　高章,,,＜本社＞・＜管理本部＞〒464-0850　名古屋市千種区今池1-8-8　今池ガスビル６F　　　　　　　　　TEL：052-741-7566　FAX：052-741-7331<東京本部>〒104-0031　東京都中央区京橋2-4-12　京橋第一生命ビル２F　　　　　　　　　TEL:03-5255-6441　FAX:03-5255-6442<名古屋本部>〒464-0850　名古屋市千種区今池1-8-8　今池ガスビル６F　　　　　　　　　TEL:052-741-8753　FAX:052-741-8751<大阪本部>〒541-0052　大阪市中央区安土町二丁目3番13号　大阪国際ビルディング２６Ｆ　　　　　　　　　TEL:06-6265-8045　FAX:06-6263-8544<盛岡オフィス>〒020-0045　岩手県盛岡市盛岡駅西通2丁目9番1号　マリオス９Ｆ　　　　　　　　　TEL:019-656-1120　FAX:019-656-1121
株式会社システム・サイエンス,9500万円,25億2000万円（2016年9月）,代表取締役　牧野武志,http://www.s-science.co.jp,,株式会社システム・サイエンス〒160-0022　東京都新宿区新宿2-19-1　ビッグス新宿ビル6階TEL：03-3341-5544（代表）FAX：03-3352-6998＜当社ＨＰ＞http://www.s-science.co.jp＜当社Facebook＞http://www.facebook.com/SystemScience
株式会社NTTデータエンジニアリングシステムズ,1億円（株式会社NTTデータ100%出資）,平成27年度実績（9946百万円）,代表取締役社長　木下　篤,http://www.nttd-es.co.jp,jinji@nttd-es.co.jp,〒144-8601東京都大田区西蒲田7-37-10担当：今井、上谷TEL　03-5711-5312FAX　03-5711-5370URL：http://www.nttd-es.co.jp/Mail：jinji@nttd-es.co.jp
株式会社ソフテム,5000万円,9億5000万円（2016年8月実績）,代表取締役社長　勝山研人,http://softem-net.co.jp,,"●本社（横浜）　〒231-0015　神奈川県横浜市中区尾上町1-4 関内STビル5F　採用担当（本社）：佐藤・久野　TEL:045-661-0206　FAX:045-661-0207●関西　〒532-0011　大阪市淀川区西中島5-6-16新大阪大日ビル6F　採用担当（関西）：楠瀬・西川　TEL:06-6300-5710　FAX:06-6300-3017＜Ｍａｉｌ＞　saiyo2018@softem-net.co.jp＜Ｈ　Ｐ＞　http://softem-net.co.jp/"
株式会社ジェリコネットワーク,１０００万円,３億３５３０万円（H２８年９月実績）,安田　洋,,jinji@jericho.co.jp,"〒532-0003大阪市淀川区宮原４丁目１番６号（アクロス新大阪１２階）人事担当： 新田、浮野、中矢TEL:06-6151-2663E-mail:jinji@jericho.co.jp★お聞きになりたいことがあれば、お気軽にお問い合わせください★"
株式会社ピイアイシイ,3000万円,2憶3千万円,我部　眞樹,https://www.pic-osk.co.jp/,,株式会社ピイアイシイ〒541-0053大阪市中央区本町3-5-2辰野本町ビル7F採用担当TEL：06-6266-0766
株式会社ベリサーブ,7億9200万円（2016年3月31日現在）,89億1100万円（2016年3月期）,"代表取締役社長　新堀 義之",http://www.veriserve.co.jp,veriserve_saiyou@veriserve.co.jp,"〒160-0023東京都新宿区西新宿6-24-1　西新宿三井ビル14F問合せEメール　 veriserve_saiyou@veriserve.co.jp問合せ電話番号　03-6302-0706　人事部 新卒採用担当・HP http://www.veriserve.co.jp/"
日本コントロールシステム株式会社,5935万円,（15年12月期）21億700万円　海外売上比率31%　自社プロダクトおよびライセンス：69%　　受託ソフトハード：31%、,代表取締役社長　　堀内伸泰代表取締役副社長　竹内清一郎,http://www.nippon-control-system.co.jp,saiyo@nippon-control-system.co.jp,日本コントロールシステム株式会社採用担当〒150-0013東京都渋谷区恵比寿1-20-18　三富ビル新館5階TEL　:03-3443-5081E-mail　:saiyo@nippon-control-system.co.jp【企業HP】http://www.nippon-control-system.co.jp/【採用HP】http://www.nippon-control-system.co.jp/saiyo/
アイビーシー株式会社,40453万円（2016年9月30日現在）,1141百万（2016年9月期）※営業利益率25.6％（2016年9月期）,"代表取締役社長　加藤 裕之",,,"■所在地東京都中央区新川1-8-8 アクロス新川ビル8F■電話番号03-5117-2780(代表)お問い合わせの際は「アイビーシー」新卒採用宛に 下記メールアドレスにご連絡ください。 recruit@ml.ibc21.co.jp"
三菱総研DCS株式会社,60億5935万円,連結：555億円　単体：467億円（2016年9月期）,代表取締役社長　円実稔,http://www.dcs.co.jp,saiyo@in.dcs.co.jp,"三菱総研ＤＣＳ株式会社人事部 新卒採用担当電話: :03-3458-9880（直通）Mail: saiyo@in.dcs.co.jp住所: 〒140-8506　東京都品川区東品川四丁目12番2号　品川シーサイドウエストタワーHP: http://www.dcs.co.jp/saiyo/shinsotsu/"
日本情報クリエイト株式会社,4500万円,15億5300万(2015年6月),代表取締役社長　　米津　健一,http://www.n-create.co.jp,jinji@n-create.co.jp,"〒885−0072　宮崎県都城市上町13街区18号 TEL：0986−25−2212 人事課/前田　ＵＲＬ　http://www.n-create.co.jp/E-mail　jinji@n-create.co.jp "
株式会社栗菱コンピューターズ,8000万円,44億900万円,"代表取締役社長久保 日出男",http://www.ritsuryo.co.jp/company/outline.html,,"株式会社栗菱コンピユーターズ〒541-0056　大阪市中央区久太郎町2丁目5番28号（久太郎町恒和ビル11F）採用担当：本社管理部　太田 TEL：06-6253-6450"
株式会社エイビス,"２、０００万円 （２０１７年 １月現在）",７．６億円（２０１６年８月実績）,"代表取締役社長　吉武 俊一",http://www.aivs.co.jp,,"株式会社エイビス〒870-0026大分県大分市金池町3-3-11 金池ＭＧビル 097-536-0999　担当／井上ホームページ http://www.aivs.co.jp"
株式会社日本ピュアシステム,2000万円,8億3000万円（2015年3月期）,代表取締役　奥出　邦且,,yuge@pure-system.com,"株式会社日本ピュアシステム大阪市中央区北久宝寺町3-5-12 御堂筋本町アーバンビル人事部　採用担当TEL　06-6210-2220E-mail　yuge@pure-system.com"
株式会社アルゴグラフィックス,"18 億7300万円（2017年3月31日現在）","268億7500万円 （2017年3月期）（連結売上高：348億4700万円）","代表取締役会長 兼CEO　藤澤 義麿（ふじさわ よしまろ）代表取締役社長 兼COO　尾崎 宗視 （おざき　むねし）",http://www.argo-graph.co.jp,jinji@argo-graph.co.jp,"株式会社アルゴグラフィックス〒103-0015東京都中央区日本橋箱崎町5-14 アルゴ日本橋ビル人事部　採用担当TEL:03-5641-2037mail:jinji@argo-graph.co.jp【ホームページ】＜会社＞http://www.argo-graph.co.jp＜採用＞http://www.argo-graph.co.jp/recruit/special/top.html【本社アクセス】東京メトロ東西線および日比谷線「茅場町駅」下車（4b出口）より徒歩5分東京メトロ半蔵門線「水天宮前駅」下車（2番出口）より徒歩4分"
株式会社エスエフシー新潟,8000万円,5億9496万円(2016年8月実績),代表取締役　苅部　宣輔,http://www.sfc-niigata.co.jp,k_harada@sfc-niigata.co.jp,〒950-0963新潟県新潟市中央区南出来島1-10-21TEL:025-282-2233総務部　原田E-mail:k_harada@sfc-niigata.co.jpURL:http://www.sfc-niigata.co.jp/
日本アドバンス・テクノロジー株式会社,5000万円,"22億2000万円　（ 2017年3月期 ）","取締役社長　渡邉 克昭",http://www.nat.co.jp,saiyo@nat.co.jp,"〒247-0072神奈川県鎌倉市岡本2-5-11 第二大観ビル2階業務部 採用担当電　話　： 0120-43-6663、　0467-47-1237メール　： saiyo@nat.co.jpホームページ　：　http://www.nat.co.jp/"
株式会社ＳＲＩシステムズ,1億円,45億円（2016年12月期実績）,代表取締役社長　田中　久己,http://www.srisys.co.jp,srs.saiyo@srigroup.co.jp,"総務部　採用担当　原田（はらだ）　　〒651-0072　　　神戸市中央区脇浜町2-11-14　　　神戸脇浜ビル5階 　　　TEL:078-265-3063 　　　E-mail srs.saiyo@srigroup.co.jp■□■□■□■□■□■□■□■□■　★当社ホームページもご覧下さい　　http://www.srisys.co.jp■□■□■□■□■□■□■□■□■"
株式会社シーエスアイ,1億円株式会社ＣＥホールディングス100％出資,76億1262円(2016年9月)（連結）,代表取締役社長　赤塚　彰,,,"〒003-0029 札幌市白石区平和通15丁目北1番21号 TEL:011-861-1513 管理本部 総務人事グループ採用担当　木村・横川jinji@csiinc.co.jp◆交通機関地下鉄東西線「南郷13丁目」駅3番出口より徒歩15分 JR平和駅から徒歩12分"
応研株式会社,4億9000万円,35億2400万円（2016年12月実績）,代表取締役　原田明治,http://www.ohken.co.jp,saiyou@ohken.co.jp,●福岡本社〒810-0001　福岡市中央区天神4-2-34応研ビルTEL　092-715-2789（代）TEL　050-3803-5180（採用直通）採用担当/野村（ノムラ）E-mail　saiyou@ohken.co.jpURL　http://www.ohken.co.jp
株式会社アスコット,5000万円,14億(平成28年12月期),代表取締役会長　森井　義雄代表取締役社長　林　政男,http://www.ascot.co.jp,,"大阪市中央区大手通1-4-10　大手前フタバビル6F〒540-0021管理部　採用担当 　TEL:06-6944-9211http://www.ascot.co.jp"
三和コンピュータ株式会社,1億2000万円,68億円(2014年03月),"代表取締役社長　吉村 悟",,,"総務人事部　採用担当〒106-0047　東京都港区南麻布3−20−1 麻布グリーンテラス2F（受付）TEL:03-5421-8500FAX:03-5421-6006E-mail：recruit@sanwa-comp.co.jp【交通機関】電車：東京メトロ南北線・都営三田線　白金高輪駅　徒歩8分／東京メトロ日比谷線　広尾駅　徒歩13分バス：都バス　都06(渋谷駅前⇔新橋駅前)・品97(品川駅前⇔新宿駅西口)　 「四ノ橋」停留所前"
株式会社サンネット,6000万円,75億円(2015年3月実績),代表取締役社長　亀山　創（かめやま　はじめ）,http://www.csunnet.co.jp/,,〒730-0036広島市中区袋町4-21株式会社サンネット総務部　採用担当　佐藤・西川TEL　082-248-4100交通　市内電車・バス・アストラムライン本通下車徒歩5分HP　http://www.csunnet.co.jp/
株式会社大東システムエンジニアリング,1000万円,3億472万円（2016年6月）,代表取締役　行木　勝彦,https://www.daitoh-se.co.jp/,,株式会社大東システムエンジニアリング〒261-0023千葉市美浜区中瀬1-6　エム・ベイポイント幕張（旧NTT幕張ビル）　14階採用担当：総務部　行木（なめき）TEL：043-350-0850https://www.daitoh-se.co.jp/
日立メディカルコンピュータ株式会社,3億2500万円,84億円(2016年3月期),代表取締役社長　伊藤　義文,,,日立メディカルコンピュータ株式会社本社／〒141-0031　東京都品川区西五反田1-31-1日本生命五反田ビル8F03-3490-0751／採用担当saiyou@hitachi-mc.co.jp
株式会社ユニバーサルコムピューターシステム,5000万円,24億5800万円（2016年6月期）,代表取締役社長　荒川　義夫,http://www.ucs.jp,saiyou2018@ucs.jp,〒102-0073東京都千代田区九段北4-1-3　日本ビルディング九段別館7階管理本部　総務人事課担当者　前田・安藤・本田【TEL】03-3262-5859　【FAX】03-3262-6020【E-mail】saiyou2018@ucs.jp【HP】http://www.ucs.jp【情報発信サイト〜UCSらいふ〜】http://www.ucslife.jp/
株式会社　シーシーエス,5000万円,6億円（2015年度）,"代表取締役　長井 好昭",,,"【大阪本社】〒541-0059 大阪市中央区博労町1-8-2 三共堺筋本町ビル4F 株式会社シーシーエス 総務部 採用担当TEL：06-4705-7510　　FAX ：06-4705-7505"
日本システム技術株式会社,10億7666万9578円,"120億8586万円（2017年3月期）101億6074万円（2016年3月期） 96億8237万円（2015年3月期）",代表取締役社長執行役員　平林　武昭,,s.saiyo.tokyo@jast.co.jp,"■東京地区　〒108-8288　　東京都港区港南2-16-2　太陽生命品川ビル27階　　東京地区採用担当：西川、所　　TEL:03-6718-2777（人事採用直通）　　Mail:s.saiyo.tokyo@jast.co.jp■大阪地区　〒530-0005　　大阪市北区中之島二丁目３番18 号　中之島フェスティバルタワー29階　　大阪地区採用担当：上野、外山　　TEL:06-4560-1002（人事採用直通）　　Mail:s.saiyo.osaka@jast.co.jp"
ソフトウエア情報開発株式会社,7800万円,212.5億円(2017年3月期グループ計),"代表取締役社長　前澤 央",http://www.skig.co.jp,saiyo@skig.co.jp,〒107-0052　東京都港区赤坂2-5-27採用担当　／　橋本　惇フリーダイヤル　0120-37-5125(採用直通)URL　http://www.skig.co.jpMail　saiyo@skig.co.jp交通機関：　◆千代田線　赤坂駅　徒歩約2分　◆銀座線　溜池山王駅　徒歩約5分　◆丸ノ内線　赤坂見附駅　徒歩約7分
株式会社メディアミックス,5000万円,1200百万円,"代表取締役社長　川久保 俊彦",,,"株式会社メディアミックス〒141-0031東京都品川区西五反田2-11-17 HI五反田ビルTEL: 03-5740-8188（代表）FAX: 03-5740-6810"
株式会社アイティーエス,2000万円,8億3900万円（2016年12月実績）,代表取締役　松山　文鑑,,new-saiyo@its-inc.co.jp,"〒560-0083大阪府豊中市新千里西町1-2-2　住友商事千里ビル2FTel 06-6155-2000 Fax 06-6155-2011担当：人事グループ　野本・川辺E-mail : new-saiyo@its-inc.co.jp"
"株式会社シー・エス・イー（英語表記 ： CSE Co.,Ltd.）",2億5000万円,75億2千万（2016年12月実績）,代表取締役社長　小島　貴,https://www.cseltd.co.jp,jinji@cseltd.co.jp,株式会社シー・エス・イー本社人事部　採用担当〒150-0002東京都渋谷区渋谷3-3-1　A-PLACE渋谷金王【交通機関】各線「渋谷」駅より徒歩6分◆TEL：03-5469-6022◆Email：jinji@cseltd.co.jp◆URL：https://www.cseltd.co.jp/recruit/
富士通関西中部ネットテック株式会社,"2億円 (富士通株式会社 全額出資)",119億2000万円(2015年度),,http://jp,,"富士通関西中部ネットテック株式会社〒５４０−０００１大阪市中央区城見２−２−５３　大阪東京海上日動ビルディング本社 事業推進統括部　総務部　採用担当電話: 06-6949-1124http://jp.fujitsu.com/group/kcn/"
株式会社デーコム,9955万円,10億（2015年度実績）9億9000万円（2014年度実績）8億1000万円（2013年度実績）,代表取締役社長　上野恭彦,http://www.dcom,,"株式会社デーコム〒104-0061東京都中央区銀座7-16-3 日鐵木挽ビル3FTEL：03-3549-2230E-mail：saiyo@dcom-web.co.jpHP：http://www.dcom-web.co.jp/recruit/webinfo/担当：止部（シベ）"
株式会社ヒロケイ,9000万円,14億8029万円（2017年9月期）,代表取締役社長　水本　健二,,jinji@hirokei.co.jp,"〒136-0071東京都江東区亀戸2-35-13 新永ビル3Ｆ総務部採用担当TEL:03-3638-6471E-mail：jinji@hirokei.co.jp"
株式会社日立超ＬＳＩシステムズ,"3億1千万円 ［(株)日立製作所　100％出資］",99億円（2016年3月期）,"取締役社長　河路 幹規",http://www.hitachi-ul.co.jp,recruit@hitachi-ul.co.jp,"〒190-0014　東京都立川市緑町7番地1　アーバス立川高松駅前ビル株式会社 日立超ＬＳＩシステムズ　人事総務部：稲住、加藤、黒岩ＴＥＬ　:042-512-0808（ダイヤルイン）Ｅメール:recruit@hitachi-ul.co.jpＵＲＬ　:http://www.hitachi-ul.co.jp/"
株式会社ＮＥＸＣＯシステムズ,5000万円,112億円（平成27年度）,"代表取締役社長　高松 隆久",http://www.nexco-sys.co.jp/,recruit@nexco-sys.co.jp,"株式会社ＮＥＸＣＯシステムズ〒163−6025東京都新宿区西新宿六丁目8番1号 住友不動産新宿オークタワー25階総務部 人事課 採用担当TEL：03-6901-5112Email：recruit@nexco-sys.co.jp"
四国情報管理センター株式会社,4800万円,30.1億円（2016年3月）,代表取締役社長　中城一,http://www.jokan.co.jp,recruit@jokan.co.jp,"〒780-0981 高知県 高知市 一ツ橋町 1-36　採用担当(電話)088-825-3571■URL：http://www.jokan.co.jp/recruit/■E-mailアドレス：recruit@jokan.co.jp"
ＮＣＳ＆Ａ株式会社,37億7510万円,163億円（2017年3月期）,"代表取締役社長　松木 謙吾",http://ncsa.jp,,"■本社■〒540-6316大阪市中央区城見1-3-7　松下ＩＭＰビルTEL:06-6946-2014　窓口/総務人事部 人事課交通機関/ＪＲ大阪環状線・東西線「京橋」駅西出口より徒歩7分　　　　　　 ＪＲ大阪環状線「大阪城公園駅」より徒歩7分　　　　 　　京阪「京橋駅」片町口より徒歩7分　　　　 　　地下鉄長堀鶴見緑地線「大阪ビジネスパーク駅」4番出口より徒歩1分　■東京本社■〒135-0061東京都江東区豊洲5-6-36　ヒューリック豊洲プライムスクエア6階TEL:03-3531-2690　窓口/総務人事部　総務課交通機関/東京メトロ有楽町線、ゆりかもめ「豊洲駅」徒歩3分■名古屋支社■〒450-0003名古屋市中村区名駅南2-14-19　住友生命名古屋ビル13Ｆ TEL:052-581-2301　窓口/総務人事部　総務課交通機関/ＪＲ、名鉄、近鉄、地下鉄「名古屋」駅より徒歩10分≪弊社ＨＰ≫http://ncsa.jp/"
株式会社ラクス,3億7837万円,"40億7700万円（2016年3月期）34億1100万円（2015年3月期）28億 500万円（2014年3月期）",代表取締役社長　中村崇則,,newgraduate@rakus.co.jp,〒151-0051東京都渋谷区千駄ヶ谷5丁目27-11　アグリスクエア新宿2F総務人事部　新卒採用担当TEL：03-6683-3663MAIL：newgraduate@rakus.co.jp
中央コンピューター株式会社,7000万円,71億7000万円　（2016年度）,代表取締役社長　坂本　信治,"https://www.chuo-computer.co.jp/ 　中央コンピューター株式会社https://www.chuo-computer.co.jp/recruit/　リクルートサイト※リクルートサイトは、先輩からのメッセージ　盛りだくさんです！",,"中央コンピューター株式会社　　〒530-6691　大阪府大阪市北区中之島6-2-27　中之島センタービル20F　　経営改革本部人事労務部【採用担当：本木（モトキ）】　〒105-0014　東京都港区芝2丁目5番10号　芝公園NDビル2F　　東京事業本部業務統括部【採用担当：井上（イノウエ）】　電話: 0120-153-146　e-mail: saiyou@chuo-computer.co.jp"
株式会社アイ・エス・ビー,17億752万円(2017年1月現在),100億5600万円(2016年実績・単体)133億9500万円(2016年実績・連結),"代表取締役社長　若尾 逸雄",http://www.isb.co.jp,saiyo@isb.co.jp,〒141-0032東京都品川区大崎5-1-11　住友生命五反田ビル8F株式会社アイ・エス・ビー総務・人事部　採用担当（中澤・堅田）TEL:　03-3490-9881Mail:　saiyo@isb.co.jpリクルートサイトはこちら:　http://www.isb.co.jp/jinji_saiyou/
株式会社ミロク情報サービス,31億98百万円(2016年3月末現在),23636百万円(平成28年3月期実績),代表取締役社長　是枝　周樹(これえだ　ひろき),,,"〒160-0004　東京都新宿区四谷4-29-1 MJSビルミロク情報サービス　採用事務局TEL:03-4540-3608"
株式会社ブレイン,1000万円,6億円（2016年12月実績）,代表取締役社長　広兼　敬治,http://www.kk-brain.jp,,〒541-0041大阪市中央区北浜3丁目5番22号　オリックス淀屋橋ビル4階TEL:06-6203-3018担当：広兼URL:http://www.kk-brain.jp/
関西システムソリューションズ株式会社,6000万円,2億6000万円（2016年9月期）,代表取締役　作間　栄,,saiyou-kss@kansai-ssol.co.jp,"〒564-0051 大阪府吹田市豊津町2番30号　江坂ナックビル3F採用担当：佐藤TEL　　 ：06-6385-8031E-Mail　：saiyou-kss@kansai-ssol.co.jp"
株式会社エデュース,4億500万円,10億1307万円（平成25年9月期実績）,"代表取締役　松本 雄一郎",http://www.educe-ac.com,recruit@educe-ac.com,"〒101-0031　東京都千代田区東神田2丁目3番10号　ＰＭＯ秋葉原II 5階経営管理室／人事・採用担当：鈴木、佐藤TEL 03-5809-3191　　FAX 03-3866-3725Ｅ-mail recruit@educe-ac.comＵＲＬ　　http://www.educe-ac.com/"
株式会社アートテクノロジー,2億6000万円（グループ計）,56億円（平成28年7月・グループ計）,"代表取締役 光川 幹夫",,,株式会社アートテクノロジー〒916-0037福井県鯖江市上河端町第6号1番地33TEL：0778-54-8080担当：管理本部管理部　竹島
株式会社エヌワーク,3000万円※株式会社エディオン100％出資,51億700万円（2014年3月期）53億9000万円（2015年3月期）56億8000万円（2016年3月期）,代表取締役社長　清水池秀生,http://www.nwork.co.jp,recruit@nwork.co.jp,"464-0841名古屋市千種区覚王山通8-70-1池下ESビル5階管理部／板坂（晶）・大八木TEL：052-759-2611URL http://www.nwork.co.jpE-mail recruit@nwork.co.jp"
株式会社ＳＩＧ,2億9350万円,35億円（2016年3月期）,代表取締役社長　　石川　純生,,,"株式会社 S I G 　〒102-0073東京都千代田区九段北4-2-1　市ヶ谷東急ビル8F【採用受付】TEL ： 　○0120-916-363　○03-5213-4442　（受付時間 9:30〜18:00）MAIL： 　○recruit2018@sig-c.co.jp【採用担当】　　人事・総務グループ　　川上翔太　/　篠原剛志"
株式会社ジャストシステム,101億4651万円,"182億4100万円 （2016年3月期）",代表取締役社長　関灘恭太郎,,rec@justsystems.com,"株式会社ジャストシステム　人事グループ　新卒採用担当〒163-6017新宿区西新宿住友不動産新宿オークタワー１８階TEL：0120-444-563E-Mail: rec@justsystems.com"
株式会社アイ・エス・アイソフトウェアー,33000000円,15億6500万円,代表取締役社長　前田　丈彰,http://recruit.isi-grp.co.jp,jinji@isi-grp.co.jp,【大阪オフィス】　担当／片山（かたやま）〒541-0053大阪府大阪市中央区本町4-6-17　IS本町ビル【東京オフィス】　〒105-0013　東京都港区浜松町1-10-11　浜松町ＯＳビル5F担当／片山（かたやま）TEL：06-6260-3131E-mail　jinji@isi-grp.co.jp　（共通）◆弊社のリクルートサイトＵＲＬ◆http://recruit.isi-grp.co.jp/index.html
アイエックス・ナレッジ株式会社,11億8089万円,175億800万円（2016年3月期）,代表取締役社長　安藤　文男,http://www.ikic.co.jp,entrance@ikic.co.jp,アイエックス・ナレッジ株式会社人事部　採用グループ〒108-0022東京都港区海岸3-22-23　MSCセンタービルTEL　0120-101-922Mail　entrance@ikic.co.jpURL　http://www.ikic.co.jp/
テクマトリックス株式会社,12億9812万円,219億9640万円（連結）※2017年3月期実績,"代表取締役社長： 由利 孝",http://recruit.techmatrix.co.jp,tmx-recruit@techmatrix.co.jp,〒108-8588東京都港区三田3-11-24　国際興業三田第2ビル（受付：9階）人事総務部　人事課　採用担当／早坂TEL：03-4405-7801Email：tmx-recruit@techmatrix.co.jp採用HP：http://recruit.techmatrix.co.jp/
株式会社ＫＩＳ,6000万円,36億5074万円（2017年3月期）,"代表取締役 高浜　辰也",http://www.kis.co.jp,saiyo@kis.co.jp,"〒861-4108熊本県熊本市南区幸田1丁目6-27TEL：096-379-2231URL:http://www.kis.co.jp/E-mail:saiyo@kis.co.jp担当：経営管理部 人事G　野間/園田/渡邊"
ナビッピドットコム株式会社,5725万円,4億8800万円／単体（2017年3月実績）,代表取締役社長　篠崎　登,http://www.navi-p.com,shop@navi-p.com,"〒104-0061　　　　　東京都中央区銀座8-12-8　ＰＭＯ銀座八丁目4F　　　　　採用担当　藤橋tel:03-6278-7981交通機関: ＪＲ／東京メトロ銀座線 新橋駅徒歩5分　都営大江戸線 汐留駅徒歩4分■弊社オフィシャルホームページ　ＵＲＬ　http://www.navi-p.com/Ｅ−ｍａｉｌ　shop@navi-p.com"
カコムス株式会社,9500万円,"26億4089万円(グループ計) ※平成28年3月期","代表取締役社長　清水 卓",http://www.kacom,,"＜東京本社＞　東京都文京区大塚 5-7-12 NKビル新大塚3F　〒112-0012＜大阪本社＞　大阪市北区堂島浜1-2-1　新ダイビル26F　〒530-0004＜採用関係お問い合せ＞　経営管理部 岩本 慧一 　TEL:0120-84-7811 　E-mail:soukan@kacoms.co.jp ホームページ:http://www.kacoms.co.jp/"
株式会社トヨタケーラム,7億円,147億円(2015年度実績),代表取締役社長　川添浩史,http://www.caelum.co.jp/,,"〒461-0001名古屋市東区泉1-23-22　トヨタホーム栄ビル　６階株式会社トヨタケーラム　採用担当TEL：052-728-6130FAX：052-951-8514URL)http://www.caelum.co.jp/mail to)saiyou@mx2.caelum.co.jp交通：地下鉄桜通線・名城線「久屋大通」駅１B出口より徒歩1分"
三井住友トラスト・システム＆サービス株式会社,1億円,257億円（2016年3月期）,"取締役社長 能勢 保巳",http://www.smtss.jp,,〒183-0044東京都府中市日鋼町1番10　三井住友信託銀行府中ビル2階三井住友トラスト・システム＆サービス株式会社　採用担当〔TEL〕042-351-2172〔E-mail〕shinsotsu@smtss.jp〔URL〕http://www.smtss.jp/【交通機関（東京本社）】京王線「府中駅」下車徒歩15分京王線・JR南武線「分倍河原駅」下車徒歩12分JR武蔵野線「北府中駅」下車徒歩10分
株式会社日立インスファーマ,2億2500万円,70億円（2016年3月期）,"代表取締役　取締役社長 山田　直明",,ip-saiyo@hitachi-inspharma.co.jp,"株式会社日立インスファーマ　〒530-0005　大阪府大阪市北区中之島二丁目3番18号 中之島フェスティバルタワー総務部　採用担当ＭＡＩＬ： ip-saiyo@hitachi-inspharma.co.jpＴＥＬ　： 06-4708-6291"
イ．ソフト株式会社,6000万円,14億,代表取締役社長　相場　邦二郎,,,"イ．ソフト株式会社〒111-0053東京都台東区浅草橋3丁目27番7号 服部ビル4F管理部 採用担当係TEL：03-5833-1192"
株式会社ファインデックス,2億4930万円,32億8802万円（2016年度）,"代表取締役　相原 輝夫",http://findex.co.jp,,"〒790-0003愛媛県松山市三番町4-9-6 NBF松山日銀前ビル11F株式会社ファインデックス　採用担当宛てＴＥＬ ： 089-947-3388ＵＲＬ ： http://findex.co.jp/　　　＊　┏━━━━━━━━━━━━━━━━━━━━━━━━━┓　　。・☆　　　　**　　　　 　★　第二新卒など、既卒・中途の方のご応募はこちらから↓ ★　・　　　　　　。☆・　　　 　　┗━━━━━━━━━━━━━━━━━━━━━━━━━┛━━━┓　　　　・　☆　　　　　 ★　http://findex.co.jp/recruit/jobs/apply.html　☆　　　＊　　　　　。・☆　 ┗━━━━━━━━━━━━━━━━━━━━━━━┛"
NRIネットコム株式会社,4億5000万円,95億円（2015年3月期）,代表取締役社長　野村　隆志,,recruit@nri-net.com,"＜お問い合わせ先＞NRIネットコム株式会社　人事部 採用担当TEL：0120-022-314Mail：recruit@nri-net.com東京本社：〒105-7114　東京都港区東新橋1-5-2 汐留シティセンター14階大阪本社：〒530-0004　大阪府大阪市北区堂島浜1-4-16 アクア堂島西館9階"
株式会社テクノプロ　テクノプロ・IT社,1億円,122億円（2016年6月期実績）,"取締役社長 浅井 功一郎",http://www.technopro.com,shinsotsu-it@technopro.com,【総合窓口】東京都港区六本木6-10-1　六本木ヒルズ森タワー35F株式会社テクノプロ　テクノプロ・IT社採用課　松田TEL：03-5410-1014Mail：shinsotsu-it@technopro.comHP：http://www.technopro.com/it【本社最寄り駅】日比谷線「六本木」駅から徒歩2分
"株式会社NTTデータ ニューソン",4億9000万円,42億円（2014年3月期）46億円（2015年3月期）52億円（2016年3月期）,"代表取締役社長　戸村 元久",,st_contact@newson.co.jp,"株式会社NTTデータ ニューソン東京都港区赤坂2-2-12 NBF赤坂山王スクエア人事部　採用担当Maiｌ：st_contact@newson.co.jpTEL：03-5545-8635（採用担当直通） FAX：03-5545-8639"
tdiグループ【情報技術開発株式会社/TDIシステムサービス株式会社/TDIプロダクトソリューション株式会社】,,,,,saiyou-group@g.tdi.co.jp,"【tdiグループ　新卒採用担当】tel ：03-3372-9761（直通）アドレス：saiyou-group@g.tdi.co.jp〒163-6013東京都新宿区西新宿六丁目8番1号　住友不動産新宿オークタワー"
株式会社テクノサイト,6000万円,"18億9550千万円　（2016年8月期 ）",代表取締役　大久保　節夫,http://www.technosite.co.jp,,本社〒427‐0022　静岡県島田市本通5丁目4番の4TEL.0547-35-2239（代表）FAX.0547-35-1456（交通機関）JR島田駅より徒歩5分ホームページ／http://www.technosite.co.jp/
ニッセイ情報テクノロジー株式会社,40億円,706.77億円（平成29年3月期）,"代表取締役社長　鬼頭 誠司",http://www.nissay-it.co.jp,nissay-it@s.axol.jp,"ニッセイ情報テクノロジー株式会社　ヒューマンリソース部　人材開発グループ【東京】〒144-8721　東京都大田区蒲田5-37-1　ニッセイアロマスクエア【大阪】〒532-0003　大阪市淀川区宮原3-4-30　ニッセイ新大阪ビルTEL：0120-634-640（受付時間　9：30〜17：30　土・日・祝除く）Mail：nissay-it@s.axol.jpHP ：http://www.nissay-it.co.jp※ご不明な点がございましたら、上記メールアドレスにご連絡ください。"
システムロード株式会社,8000万円,6億5千万円（2016年3月度）※設立以来33年間、＜無借金経営＞継続中！,"代表取締役社長　長島 武",,,"〒104-0033東京都中央区新川1-3-3 グリーンオーク茅場町システムロード株式会社総務グループ　採用担当宛TEL (03)3553-9812"
株式会社セック,4億7730万円,44億円（2017年3月期）,代表取締役社長　秋山逸志,http://www.sec.co.jp/recruit/,sec.saiyo@sec.co.jp,"〒158-0097東京都世田谷区用賀4-10-1　世田谷ビジネススクエア総務人材部・採用担当TEL:03-5491-4770(代表)　平日 9:00〜17:00URL: http://www.sec.co.jp/recruit/　E-mail: sec.saiyo@sec.co.jp交通機関：東急田園都市線　用賀駅"
パーソルプロセス＆テクノロジー株式会社,3億1000万円,,"代表取締役　長井 利仁",,,"新卒採用グループ〔所在地〕〒135-0061　東京都江東区豊洲3-2-20 豊洲フロント7F〔TEL〕0120-558-920 （平日9:00〜18:00）"
株式会社アロートラストシステムズ,1億円,30億9400万円（平成29年3月末）,代表取締役会長兼社長　安藤晴己,https://www.arrow-trust.co.jp,contact-recruit@arrow-trust.co.jp,"株式会社アロートラストシステムズ管理部　採用担当　西本 真由美e-mail：contact-recruit@arrow-trust.co.jpお気軽に、なんでもご連絡・ご質問・ご相談ください。■大阪オフィス-----------------------------------〒550-0002大阪府大阪市西区江戸堀二丁目1番1号 江戸堀センタービル 8F管理部　採用担当TEL 06-6441-2611■東京オフィス-----------------------------------〒141-0022東京都品川区東五反田一丁目11番15号 電波ビル 4F管理部　採用担当TEL 03-5421-3391"
関電システムソリューションズ株式会社,9000万円(関西電力(株)100%出資),30724百万円（2014年度実績）,代表取締役社長：山元　康裕,http://ks-sol.jp,,〒５３０−８２２６大阪市北区梅田３丁目３番２０号明治安田生命大阪梅田ビル関電システムソリューションズ株式会社人財部人事グループ　新卒採用担当電話での受付・問合せは行っておりません。受付・問合せはメールでお願いします。(E-Mail)recruit@ks-sol.jp(URL)http://ks-sol.jp
株式会社ＯＫＩソフトウェア,4億円沖電気工業株式会社100%出資,243億円（2017年3月）,代表取締役社長　権藤　義之,https://www.oki.com,,"本社　総務部　人事チーム　採用担当　 　　 【本社】 〒335-8510　埼玉県蕨市中央1-16-8　OKIシステムセンター TEL:048-420-5223(学生専用ダイヤル）　平日8:30〜12:00、13:00〜17:15学生用（新卒）お問い合わせフォーム：https://www.oki.com/cgi-bin/inquiryForm.cgi?p=k114"
株式会社ＲＫＫコンピューターサービス,１億円,85億9400万円　（2011年3月期）90億9900万円　（2012年3月期)81億2700万円　（2013年3月期）84億5500万円　（2014年3月期）107億3800万円（2015年3月期）113億1000万円（2016年3月期）115億3100万円（2017年3月期）,"代表取締役社長 徳冨裕明",http://www.rkkcs.co.jp,jinji@rkkcs.co.jp,"熊本市中央区九品寺1-5-11経営管理本部　総務部 （採用担当）村崎/村上/内田TEL:096-364-5128フリーダイヤル:0120(335)594ＵＲＬ：http://www.rkkcs.co.jp/e-mail:jinji@rkkcs.co.jp"
"株式会社 エス・ケー・アイ",4900万円,212.5億円(2017年3月期グループ計),代表取締役社長　前澤　央,http://www.ns-skig.co.jp,,〒107-0052　東京都港区赤坂2-5-27採用担当　國末　実穂　フリーダイヤル　0120-29-5001(採用直通)URL　http://www.ns-skig.co.jp交通機関:地下鉄千代田線　赤坂駅　徒歩約2分
株式会社テイジイエル,1億円,61億円（2017年3月期実績）,代表取締役社長　児玉弘道,http://www.tgl.co.jp,saiyou1@tgl.co.jp,"■〒540-6315　■大阪市中央区城見1-3-7　松下IMPビル■TEL 06-6943-5671■採用担当：管理部総務人事課　赤尾（新卒採用担当）■URL http://www.tgl.co.jp/■E-mail　saiyou1@tgl.co.jp※ご質問等ございましたら、気軽にお問合わせください。"
サントリーシステムテクノロジー株式会社,2000万円,50億3900万円（2016年12月現在）,代表取締役社長　村林　泰之,,saiyo@sst-r.com,■サントリーシステムテクノロジー株式会社／採用担当【e-mail】saiyo@sst-r.com東京都江東区青海1-1-20　ダイバーシティ東京オフィスタワー7階TEL：03-6706-4236
富士フイルムメディカルITソリューションズ株式会社,1億円,48億円（2017年3月期実績）,"代表取締役社長　木島 悟",,,"〒016-0031 東京都港区西麻布4丁目12番24号 興和西麻布ビルTEL 03-6427-2360MAIL fmi-jobs.fujifilm.com経営管理本部 総務部 採用担当：井田(いだ)、梶(かじ)"
株式会社CIJ,22億70百万円(2016年6月)●2001年1月、ジャスダックに株式上場。●2002年2月、東証二部に株式上場。●2004年6月、東証一部に株式上場。,単体10417百万円、連結18704百万円(2016年6月期),代表取締役社長　大西　重之,http://www.cij.co.jp,2recruit@cij.co.jp,〒220-0023　神奈川県横浜市西区平沼1-2-24　横浜NTビル総務人事部　人事1課　採用担当【TEL】0120-086-045【E-mail】2recruit@cij.co.jp【交通】各線横浜駅より徒歩7分【本社地図】http://www.cij.co.jp/company/map/yokohama.html【HP】http://www.cij.co.jp/※ご不明な点がございましたら、上記電話番号・E-mailにお気軽にお問い合わせください。
株式会社ゼンリン,65億5764万円,549億7000万円（2016年3月期）※570億円（2017年3月期見込）,代表取締役社長　高山善司,http://www.zenrin.co.jp,jinji_s_saiyo2018@zenrin.co.jp,"〒804-0003福岡県北九州市戸畑区中原新町3-1株式会社ゼンリン人事部 人事課　新卒採用担当／小林・加藤・和田TEL ： 093-882-9051Mail ： jinji_s_saiyo2018@zenrin.co.jpURL ： http://www.zenrin.co.jp/　交通アクセス　JR鹿児島本線「九州工大前」駅より徒歩5分"
住友電工情報システム株式会社,4億8000万円,131億300万円（2015年3月期）,代表取締役社長　白井　清志,,saiyo@sei-info.co.jp,"〒532-0003大阪市淀川区宮原3-4-30　ニッセイ新大阪ビル住友電工情報システム株式会社人事総務部（採用・教育担当）／森・椴木・佐藤e-mail：saiyo@sei-info.co.jp TEL：06-6394-6755"
アズウェル株式会社,1000万円,7400万円（2015年9月期実績）1億2000万円（2016年9月期実績）,"代表取締役社長　鷹羽 浩介",,,アズウェル株式会社　AsWELL■本社…〒460-0003住所：愛知県名古屋市中区錦2-15-22　りそな名古屋ビル6階TEL：052-253-8180
株式会社サノテック,8000万円,5億6千万円（平成28年3月期）,"代表取締役社長 多田　勤",,recruit2018@sanotec.co.jp,"＜岡山事業所＞〒711-0934　岡山県倉敷市児島塩生2767-21　倉敷シーサイドホテル研修棟　3FTEL:086-475-0794/FAX:086-475-1365mail: recruit2018@sanotec.co.jp採用担当:金高"
日本電気通信システム株式会社,10億円,737億円（2015年度）,"代表取締役 執行役員社長　山口　昌信",,saiyo@mls.ncos.nec.co.jp,ＮＥＣ通信システム　採用担当〒211-8601　神奈川県川崎市中原区下沼部1753（NEC玉川事業場内）E-MAIL：saiyo@mls.ncos.nec.co.jpTEL：（050）3383-1582
